{
  "train_loss": [
    4.676231552065571,
    3.6548386638760895,
    3.488573036886328,
    3.384507872497489,
    3.278307144612913,
    3.274788169127548,
    3.197984700305629,
    3.1527310690946964,
    3.1325423035550553,
    3.07343510950158,
    3.0375440352401437,
    3.008114838488256,
    2.9441007548343534,
    2.9531137331423345,
    2.864879855459267,
    2.8786533640472354,
    2.8312432788012107,
    2.7791559137013127,
    2.6922456237046775,
    2.675632893512553,
    2.5729456952367284,
    2.5836429759522686,
    2.51964770022971,
    2.492926750901916,
    2.432432912055594,
    2.418521650024437,
    2.4020467075045633,
    2.3048565559035703,
    2.2854677979818434,
    2.264971973124556,
    2.2220898766599264,
    2.1819079061985542,
    2.1542850177239345,
    2.140946894505615,
    2.1381967497885657,
    2.0765609979497865,
    2.113381442676125,
    2.03574026731876,
    2.041981006182076,
    2.0076947453797422,
    1.9346811159054658,
    1.9647998590945934,
    1.9134108434225037,
    1.902687302319007,
    1.9006612614200367,
    1.8843656543669023,
    1.8554954974773772,
    1.8538292801261673,
    1.8697465864549612,
    1.8554915444979938
  ],
  "val_loss": [
    3.960325241088867,
    3.7253496646881104,
    3.630688190460205,
    3.640349864959717,
    3.455197811126709,
    3.535456657409668,
    3.516329050064087,
    3.479309558868408,
    3.5022003650665283,
    3.500385046005249,
    3.4983139038085938,
    3.3992719650268555,
    3.450427770614624,
    3.563070774078369,
    3.5105648040771484,
    3.4648220539093018,
    3.5076818466186523,
    3.436898946762085,
    3.4587714672088623,
    3.5538594722747803,
    3.7879199981689453,
    3.9053356647491455,
    3.8067619800567627,
    3.869905710220337,
    3.9234654903411865,
    3.6116628646850586,
    3.654881238937378,
    4.004511833190918,
    3.96771502494812,
    3.820206880569458,
    4.159219264984131,
    3.8567211627960205,
    3.978867769241333,
    3.829339027404785,
    3.8442771434783936,
    3.977294921875,
    4.168253421783447,
    4.254276275634766,
    4.127694129943848,
    4.257865905761719,
    4.0653486251831055,
    4.290452003479004,
    4.202445030212402,
    4.149425506591797,
    4.353766441345215,
    4.088018417358398,
    4.190203666687012,
    4.481756687164307,
    4.377359867095947,
    4.282022476196289
  ]
}