{
  "train_mae": 0.7012488842010498,
  "train_rmse": 1.1189833879470825,
  "train_mape": 0.11365211755037308,
  "val_mae": 1.3023645877838135,
  "val_rmse": 2.088428497314453,
  "val_mape": 0.21149533987045288,
  "test_mae": 1.106415867805481,
  "test_rmse": 1.9238166809082031,
  "test_mape": 0.18128271400928497
}