{
  "train_loss": [
    4.7466557796392435,
    3.6466253724037645,
    3.4702187028792206,
    3.4113798634180506,
    3.38856749288421,
    3.370248971526495,
    3.305238436625716,
    3.2861608465951426,
    3.251575151739168,
    3.2259586840818626,
    3.221658909472229,
    3.172813667242597,
    3.1628443769563437,
    3.1526744174799295,
    3.0924469584065335,
    3.134993107097706,
    3.1034617099493396,
    3.0780289001322663,
    3.083699238425391,
    3.095980691126471,
    3.075242685685824,
    3.0870413511645918,
    3.0239786316451944,
    3.012507773544958,
    2.9803633007603016,
    2.9999715510749607,
    2.9391959881927345,
    2.9467033390048325,
    2.966286543388514,
    2.94253222357167,
    2.8979836516061717,
    2.8623111140721416,
    2.8736450655364254,
    2.857337130228503,
    2.8482677881260856,
    2.8586296692268416,
    2.7972309207435737,
    2.776344789647714,
    2.777653897256235,
    2.8120454513256488,
    2.7544265301236783,
    2.7417406131061384,
    2.720441777162431,
    2.7062612173308462,
    2.7239503999693757,
    2.686007877761392,
    2.6814107890289702,
    2.685062537299935,
    2.627628000960174,
    2.647535870445163
  ],
  "val_loss": [
    4.042374610900879,
    3.739915609359741,
    3.5581531524658203,
    3.710653781890869,
    3.4978177547454834,
    3.7038867473602295,
    3.4653687477111816,
    3.556184768676758,
    3.426020622253418,
    3.435892105102539,
    3.4411795139312744,
    3.4080495834350586,
    3.487082004547119,
    3.3984227180480957,
    3.547983169555664,
    3.4297518730163574,
    3.4708755016326904,
    3.3792855739593506,
    3.4287655353546143,
    3.4544177055358887,
    3.5104215145111084,
    3.5117642879486084,
    3.440692901611328,
    3.4614009857177734,
    3.5940871238708496,
    3.5195236206054688,
    3.4463300704956055,
    3.393648624420166,
    3.5485219955444336,
    3.4540014266967773,
    3.541024684906006,
    3.569819450378418,
    3.607842206954956,
    3.663968563079834,
    3.6536617279052734,
    3.5687408447265625,
    3.6523313522338867,
    3.5779762268066406,
    3.482530117034912,
    3.665616989135742,
    3.4888150691986084,
    3.568056344985962,
    3.435462713241577,
    3.5989367961883545,
    3.5502398014068604,
    3.655674934387207,
    3.606597661972046,
    3.5177648067474365,
    3.728355646133423,
    3.5852224826812744
  ]
}