{
  "train_mae": 0.877457857131958,
  "train_rmse": 1.4380651712417603,
  "train_mape": 0.147453173995018,
  "val_mae": 1.1920536756515503,
  "val_rmse": 1.9158306121826172,
  "val_mape": 0.18711887300014496,
  "test_mae": 1.0221736431121826,
  "test_rmse": 1.7693754434585571,
  "test_mape": 0.16458532214164734
}