{
  "train_loss": [
    4.848273756538946,
    3.7101494134426907,
    3.5848108548146462,
    3.4262196650200956,
    3.4310963090646998,
    3.397510467659762,
    3.3183582605807445,
    3.2858006924900938,
    3.241969878669604,
    3.2140840393018486,
    3.1717622476773393,
    3.076295253093041,
    3.0621932991824052,
    3.051700435920291,
    2.992824851438066,
    2.9756569291415103,
    2.9651330224984527,
    2.920110783899179,
    2.8691716450788514,
    2.803334111521614,
    2.7566122649158316,
    2.677443367984991,
    2.6986954864021957,
    2.643527938434592,
    2.635770335028278,
    2.5505483552509087,
    2.541172543772013,
    2.4480233242059533,
    2.3651300307501093,
    2.42273386083605,
    2.3631853795163478,
    2.302281941327846,
    2.3177139497984847,
    2.285646101672764,
    2.2358285429183455,
    2.2042757986429184,
    2.2226731019873176,
    2.186197406823697,
    2.198290114727618,
    2.1592375531932517,
    2.1195756521493543,
    2.1108700141253096,
    2.0585446060773487,
    2.044464959632883,
    2.0548259130602444,
    2.030895072549236,
    2.080419168485126,
    2.0427373296101403,
    1.9716055299911888,
    1.9802873143334865
  ],
  "val_loss": [
    3.870958089828491,
    3.913591146469116,
    3.599069356918335,
    3.5767412185668945,
    3.536400556564331,
    3.533228635787964,
    3.823518753051758,
    3.4471547603607178,
    3.755662441253662,
    3.585308313369751,
    3.491833209991455,
    3.649000644683838,
    3.5962464809417725,
    3.7922451496124268,
    3.5163702964782715,
    3.483217716217041,
    3.5590991973876953,
    3.604663372039795,
    3.5140764713287354,
    3.556774377822876,
    3.6165876388549805,
    3.552572250366211,
    3.6116645336151123,
    3.7111198902130127,
    3.7150356769561768,
    3.6790354251861572,
    3.4871408939361572,
    3.9408257007598877,
    3.8264505863189697,
    3.8335256576538086,
    3.9508140087127686,
    4.016974449157715,
    3.819246292114258,
    3.682124614715576,
    3.887110471725464,
    4.13947868347168,
    3.843393087387085,
    4.179737567901611,
    3.9160072803497314,
    3.952700614929199,
    3.933877944946289,
    4.061218738555908,
    4.1077470779418945,
    4.157864093780518,
    4.207156658172607,
    4.03147029876709,
    4.224658966064453,
    4.223726749420166,
    3.814483642578125,
    4.206070423126221
  ]
}