{
  "train_mae": 0.7751234173774719,
  "train_rmse": 1.1931893825531006,
  "train_mape": 0.11433371901512146,
  "val_mae": 1.2979958057403564,
  "val_rmse": 2.0816962718963623,
  "val_mape": 0.1924418956041336,
  "test_mae": 1.1016169786453247,
  "test_rmse": 1.9310730695724487,
  "test_mape": 0.16493456065654755
}