{
  "train_loss": [
    5.332413346308244,
    3.3820372785972475,
    2.960032278248275,
    2.834661823176784,
    2.7919102556371467,
    2.74055619146258,
    2.648868809618585,
    2.6409474551661236,
    2.5555464307653804,
    2.5289302207251616,
    2.4649337033403285,
    2.436944641504343,
    2.4958317337789797,
    2.405702483426737,
    2.3821300450330547,
    2.319325922733843,
    2.317955170984787,
    2.26019486467889,
    2.2999387582582345,
    2.2294686148264815,
    2.2031084782644412,
    2.166126011286891,
    2.1884408292601734,
    2.0916184178700465,
    2.106661984261046,
    2.038398581402313,
    2.05426237081816,
    1.993348371458831,
    2.0019652879050374,
    1.9653806932132591,
    1.9367193632542214,
    1.8816353807003994,
    1.8313688523665947,
    1.820063545612315,
    1.7824658152476698,
    1.7806526822719695,
    1.7529814985780698,
    1.7070035935765835,
    1.7388513501950738,
    1.6652524145507919,
    1.6388691711834236,
    1.6415389493276613,
    1.5718488931392365,
    1.5838768907461618,
    1.56913515278963,
    1.526642494354501,
    1.5330522483341864,
    1.5231223488980548,
    1.4795333866125708,
    1.4611762370085577
  ],
  "val_loss": [
    4.795121192932129,
    4.076269626617432,
    3.696164846420288,
    3.377406120300293,
    3.4929463863372803,
    3.753919839859009,
    3.6154022216796875,
    3.341571092605591,
    3.323164939880371,
    3.3119888305664062,
    3.3450613021850586,
    3.495337963104248,
    3.35493803024292,
    3.5189552307128906,
    3.407572031021118,
    3.3867149353027344,
    3.2952725887298584,
    3.673013687133789,
    3.5667624473571777,
    3.6772921085357666,
    3.3311948776245117,
    3.4776716232299805,
    3.6142709255218506,
    3.3786261081695557,
    3.424079418182373,
    3.6642651557922363,
    3.646627187728882,
    3.5511422157287598,
    3.6816892623901367,
    3.8341288566589355,
    3.6945836544036865,
    3.8381409645080566,
    3.611264705657959,
    3.6390585899353027,
    4.073092937469482,
    3.5736584663391113,
    4.12772798538208,
    3.8649468421936035,
    3.8467888832092285,
    3.7133944034576416,
    3.7729480266571045,
    3.6956050395965576,
    3.790158987045288,
    3.8009543418884277,
    3.920433282852173,
    3.937140464782715,
    4.02594518661499,
    3.7592251300811768,
    3.975987672805786,
    3.9791791439056396
  ]
}