{
  "train_mae": 0.7530389428138733,
  "train_rmse": 1.1474213600158691,
  "train_mape": 0.10719431936740875,
  "val_mae": 1.2423290014266968,
  "val_rmse": 2.0238428115844727,
  "val_mape": 0.17298953235149384,
  "test_mae": 1.056471347808838,
  "test_rmse": 1.8479478359222412,
  "test_mape": 0.14965631067752838
}