{
  "train_loss": [
    2.505348153030156,
    1.5853987339117614,
    1.5975688626867464,
    1.5746380697609113,
    1.5514214471500352,
    1.5605993473391735,
    1.540138037377014,
    1.5262392575873633,
    1.5041383121530456,
    1.537951118303016,
    1.5162561280386788,
    1.5164896833653352,
    1.5101567554789488,
    1.538374746825507,
    1.5151248697542843,
    1.4933831767357322,
    1.5127884505272438,
    1.529857905872343,
    1.5342258503604054,
    1.4932899661177241,
    1.4913849430194692,
    1.5011291356620642,
    1.4833203149775545,
    1.4768185958110096,
    1.4825076229718266,
    1.4654869244234114,
    1.4780129354038227,
    1.5008222676086216,
    1.469957057507868,
    1.4795163719284554,
    1.5036387283106372,
    1.4681295291271514,
    1.4749689203431708,
    1.4764104063051942,
    1.460620878285883,
    1.453609018778183,
    1.4539792429855103,
    1.4602048098547842,
    1.4520995971976363,
    1.4560581512103998,
    1.444676245633108,
    1.4616266067555381,
    1.5000706425833557,
    1.4500582157020336,
    1.4371605211374712,
    1.4401095662403685,
    1.4151785214566686,
    1.437252831603701,
    1.4243984716213414,
    1.4259165843020996
  ],
  "val_loss": [
    1.6884570121765137,
    1.8987571001052856,
    1.6871782541275024,
    1.621564507484436,
    1.7235593795776367,
    1.6647356748580933,
    1.6311005353927612,
    1.6845155954360962,
    1.7779542207717896,
    1.6506686210632324,
    1.7019792795181274,
    1.6675245761871338,
    1.6556729078292847,
    1.6457467079162598,
    1.7057979106903076,
    1.636874794960022,
    1.8219423294067383,
    1.73190176486969,
    1.6504262685775757,
    1.6457867622375488,
    1.7143586874008179,
    1.684461236000061,
    1.8968867063522339,
    1.7082741260528564,
    1.7640808820724487,
    1.655074119567871,
    1.9086661338806152,
    1.6570417881011963,
    1.642048716545105,
    1.6807565689086914,
    1.9006829261779785,
    1.7770401239395142,
    1.9624779224395752,
    1.6840906143188477,
    1.7819596529006958,
    1.6854791641235352,
    1.7868940830230713,
    1.865532398223877,
    1.8508073091506958,
    1.692171573638916,
    1.7676869630813599,
    2.014378070831299,
    1.6774423122406006,
    1.9292900562286377,
    1.722582221031189,
    1.7708160877227783,
    1.7203706502914429,
    1.903618335723877,
    1.6973851919174194,
    1.7681808471679688
  ]
}