{
  "train_mae": 0.5671830773353577,
  "train_rmse": 1.1351232528686523,
  "train_mape": 0.09078121930360794,
  "val_mae": 0.7070600986480713,
  "val_rmse": 1.318786382675171,
  "val_mape": 0.11150476336479187,
  "test_mae": 0.6195460557937622,
  "test_rmse": 1.2542784214019775,
  "test_mape": 0.10390844196081161
}