{
  "train_loss": [
    4.589081619826841,
    2.9114630571948465,
    2.53472304818249,
    2.4170591197136324,
    2.357061935439027,
    2.301681583146962,
    2.259222273601415,
    2.2672011376217367,
    2.226601279660899,
    2.216612350081449,
    2.192819692324091,
    2.14790851020971,
    2.1454548962173523,
    2.1504020914126745,
    2.0891866107172676,
    2.0959900225502652,
    2.080355582399218,
    2.09492448438962,
    2.0617657282575657,
    2.02082934415133,
    1.9741684942079558,
    1.9660809084513806,
    1.9328445688988813,
    1.9258844198623568,
    1.9122784970314324,
    1.90634336507113,
    1.8937776387972385,
    1.8683255323221986,
    1.8842653815372976,
    1.893085434699513,
    1.7994365686212774,
    1.7699317418551188,
    1.7511346622647188,
    1.7519676498667505,
    1.7482314336961622,
    1.7240763625134687,
    1.7206667648827427,
    1.7062424607976172,
    1.6578586392888572,
    1.6672000327975471,
    1.615217844118436,
    1.5903254880723423,
    1.6374326048553138,
    1.5603757882375013,
    1.598671482926869,
    1.5523671085615245,
    1.5393163973176982,
    1.4902836963373862,
    1.4831763737045642,
    1.466103498661133
  ],
  "val_loss": [
    3.6318745613098145,
    3.6840085983276367,
    2.82708477973938,
    2.8418939113616943,
    2.862424612045288,
    2.7903149127960205,
    2.7805347442626953,
    2.7584612369537354,
    2.7509865760803223,
    2.9249935150146484,
    3.2653775215148926,
    2.7321972846984863,
    2.7620327472686768,
    2.669529914855957,
    3.141045331954956,
    2.7983827590942383,
    2.771181583404541,
    2.7244768142700195,
    2.88840913772583,
    2.7371437549591064,
    2.736391067504883,
    2.684499502182007,
    2.734755516052246,
    2.97703218460083,
    2.7425143718719482,
    2.839472532272339,
    2.751755952835083,
    3.0083165168762207,
    2.7921996116638184,
    3.4474732875823975,
    2.983464241027832,
    2.88910174369812,
    2.969743013381958,
    2.862293243408203,
    2.8739728927612305,
    3.052316904067993,
    2.994453191757202,
    3.3923375606536865,
    2.9339969158172607,
    3.0011160373687744,
    3.120671033859253,
    2.9507029056549072,
    3.0264933109283447,
    3.1522395610809326,
    3.0436251163482666,
    3.1104824542999268,
    3.313652276992798,
    3.207385540008545,
    3.1838345527648926,
    2.9394736289978027
  ]
}