{
  "train_mae": 0.6946300268173218,
  "train_rmse": 1.1700925827026367,
  "train_mape": 0.10308512300252914,
  "val_mae": 1.0106430053710938,
  "val_rmse": 1.7417376041412354,
  "val_mape": 0.14819978177547455,
  "test_mae": 0.8879365921020508,
  "test_rmse": 1.6494135856628418,
  "test_mape": 0.13176649808883667
}