{
  "train_loss": [
    7.217322941316155,
    3.4485628619370443,
    3.339280849790652,
    3.2782340004982573,
    3.2163552824533297,
    3.1458102092763984,
    3.0898341324235905,
    3.026092238218201,
    2.9817485967306454,
    2.925671748467271,
    2.898112541927546,
    2.841093185394262,
    2.8164382428506802,
    2.7928430166513074,
    2.7332279277993194,
    2.70540001957144,
    2.681583866501697,
    2.6265621176087217,
    2.5994887219023006,
    2.587225559730677,
    2.4947143356685544,
    2.477906443413156,
    2.451435858738613,
    2.425595635277734,
    2.3782099339923826,
    2.34416484450978,
    2.311164137607513,
    2.2834450845755248,
    2.247105308950836,
    2.175703600715498,
    2.1427519773660215,
    2.0896334908799794,
    2.0725445100314572,
    2.056285085894007,
    2.015810368667973,
    1.9620977365661234,
    1.9482519664796,
    1.9075454457697456,
    1.864942727531273,
    1.8358731792487866,
    1.7678829663896483,
    1.7447757603778555,
    1.7150591262330803,
    1.7261429574856897,
    1.682502339716974,
    1.6582244834078406,
    1.6216135774114262,
    1.5985161036433995,
    1.5759478060992498,
    1.5554922062806962
  ],
  "val_loss": [
    4.113802433013916,
    3.908057928085327,
    3.908339262008667,
    3.8187508583068848,
    3.725839138031006,
    3.714984655380249,
    3.6489620208740234,
    3.6784536838531494,
    3.605025053024292,
    3.5618703365325928,
    3.548872709274292,
    3.5836007595062256,
    3.538212537765503,
    3.522520065307617,
    3.5531022548675537,
    3.6201159954071045,
    3.536452054977417,
    3.5594685077667236,
    3.5584166049957275,
    3.5698294639587402,
    3.5790021419525146,
    3.6178078651428223,
    3.585139513015747,
    3.602996349334717,
    3.554370164871216,
    3.5900299549102783,
    3.6408941745758057,
    3.64211106300354,
    3.638692617416382,
    3.6234073638916016,
    3.6817166805267334,
    3.7154486179351807,
    3.7122373580932617,
    3.764474391937256,
    3.7970516681671143,
    3.9217283725738525,
    3.7155773639678955,
    3.823824167251587,
    3.9651854038238525,
    3.918153762817383,
    4.092386245727539,
    3.9206855297088623,
    3.989637851715088,
    4.096834659576416,
    4.158229351043701,
    4.055850982666016,
    4.1277546882629395,
    4.2223663330078125,
    4.3792219161987305,
    4.352356910705566
  ]
}