{
  "train_mae": 0.7386056184768677,
  "train_rmse": 1.1697558164596558,
  "train_mape": 0.11152354627847672,
  "val_mae": 1.3142738342285156,
  "val_rmse": 2.1148104667663574,
  "val_mape": 0.19317641854286194,
  "test_mae": 1.1711974143981934,
  "test_rmse": 2.0018439292907715,
  "test_mape": 0.1730559915304184
}