{
  "train_loss": [
    4.263314894323912,
    3.146107376642085,
    3.0495632819086724,
    2.964374407821436,
    2.918843120056776,
    2.8545039180627123,
    2.8349610617778236,
    2.7654826442290905,
    2.7528414792082443,
    2.717140354286038,
    2.6857270732365675,
    2.663658209494765,
    2.6292165222252226,
    2.56028720464975,
    2.519347063419504,
    2.5359051896352782,
    2.496045366958121,
    2.441019996762078,
    2.418128459905143,
    2.419264374419117,
    2.317856504797343,
    2.2768219678458554,
    2.277831127207823,
    2.2803961043197236,
    2.200712143881159,
    2.178464914934863,
    2.13973255897345,
    2.1085379696366275,
    2.0707773414519135,
    2.0511886861559963,
    1.9807572218675367,
    1.9318020709109924,
    1.9073681733280436,
    1.892200221020105,
    1.8810063291820356,
    1.8438254466443875,
    1.8035676088996646,
    1.7740363283489107,
    1.7901614097387735,
    1.7695479643140821,
    1.6963050961823571,
    1.6874807620825258,
    1.6334254304589915,
    1.6403592579408222,
    1.581578688092287,
    1.5713086425106149,
    1.5463260718961238,
    1.5545570194754135,
    1.547510654672215,
    1.5242936798118873,
    1.4780682967158065,
    1.4407352343374429,
    1.4587371387513286,
    1.4336785207065939,
    1.411944768495944,
    1.433681478887418,
    1.4153482848145829,
    1.388783344637946,
    1.3971978439144639,
    1.3401665921898458,
    1.278989806746594,
    1.3191839815963375,
    1.2681361716600625,
    1.3002623769869666,
    1.2337903869474611,
    1.2319823207281229,
    1.237074318016385,
    1.2349028071272379,
    1.2101629120680852,
    1.1570468944847616,
    1.1783176444631331,
    1.1504887637349535,
    1.1273784778316926,
    1.1133367174702544,
    1.1228930174086649,
    1.1065797066570053,
    1.123869178243792,
    1.082777516279742,
    1.0792579756857348,
    1.0496431002624782,
    1.0306964463321364,
    1.0130732774339546,
    1.017078707983058,
    0.9751856294802577,
    1.017613817452726,
    1.0334934630754704,
    0.9921608992797245,
    1.0070666070474175,
    0.9695650361507128,
    0.9531851269670905,
    0.951097007912868,
    0.9025091772116329,
    0.9330017583137188,
    0.9235864511384021,
    0.9171028894195894,
    0.9113863594356918,
    0.9164000599835869,
    0.901824729472876,
    0.8810173315872875,
    0.9136724063601038
  ],
  "val_loss": [
    3.684389352798462,
    4.142263412475586,
    3.7254207134246826,
    3.7072107791900635,
    3.4631149768829346,
    3.44616436958313,
    3.570328950881958,
    3.51185941696167,
    3.4795799255371094,
    3.531642436981201,
    3.4671404361724854,
    3.604435443878174,
    3.4814364910125732,
    3.4425525665283203,
    3.7716431617736816,
    3.741671562194824,
    3.624232530593872,
    3.815783739089966,
    3.7722396850585938,
    3.843273162841797,
    4.018115997314453,
    3.6330809593200684,
    3.84565806388855,
    3.655795097351074,
    4.052921772003174,
    3.8469653129577637,
    4.075628757476807,
    4.252791404724121,
    3.9472599029541016,
    3.910280466079712,
    4.042792797088623,
    3.954662799835205,
    4.07032585144043,
    4.275461196899414,
    4.118170738220215,
    4.528585910797119,
    4.297334671020508,
    4.07008171081543,
    4.159012794494629,
    4.841017723083496,
    4.286043167114258,
    4.301037788391113,
    4.219158172607422,
    4.178997039794922,
    4.272925853729248,
    4.311305046081543,
    4.276055812835693,
    4.47719669342041,
    4.509383678436279,
    4.315323352813721,
    4.810399055480957,
    4.449310302734375,
    4.302335262298584,
    4.884741306304932,
    4.184715270996094,
    4.696045398712158,
    4.422115802764893,
    4.590141773223877,
    4.428586006164551,
    4.638100624084473,
    4.957583427429199,
    4.5584821701049805,
    4.838772773742676,
    4.6923651695251465,
    4.866064548492432,
    4.794039249420166,
    4.4755330085754395,
    4.987743854522705,
    4.8947248458862305,
    4.742282390594482,
    4.905404090881348,
    4.4717302322387695,
    4.847029685974121,
    4.825002670288086,
    4.647230625152588,
    4.9869914054870605,
    5.018434047698975,
    4.98099422454834,
    4.824587345123291,
    4.720427513122559,
    4.744415760040283,
    4.600797176361084,
    4.663240432739258,
    4.673852920532227,
    4.65178108215332,
    4.838683128356934,
    4.697998046875,
    4.948100566864014,
    4.783157825469971,
    4.887551784515381,
    4.908146858215332,
    4.7495551109313965,
    4.7801384925842285,
    4.7219061851501465,
    4.793336391448975,
    5.1523847579956055,
    4.898312568664551,
    4.9538397789001465,
    4.9818878173828125,
    4.778992652893066
  ]
}