{
  "train_mae": 0.5687142610549927,
  "train_rmse": 0.8268774151802063,
  "train_mape": 0.09393215924501419,
  "val_mae": 1.380946159362793,
  "val_rmse": 2.207080841064453,
  "val_mape": 0.21710549294948578,
  "test_mae": 1.2246216535568237,
  "test_rmse": 2.040870189666748,
  "test_mape": 0.20487001538276672
}