{
  "train_loss": [
    5.360495114708263,
    3.416075861697563,
    3.2980657569089034,
    3.220113038753423,
    3.1249644048038863,
    3.072455346156457,
    3.002453038206685,
    2.957341649267701,
    2.896117616331689,
    2.8574275392514443,
    2.788675201590847,
    2.7484596447020455,
    2.6982700899778185,
    2.644356114768245,
    2.6431408460992007,
    2.5533877410393666,
    2.514566711534261,
    2.476053550716002,
    2.4495833819245583,
    2.3868849693511085,
    2.3105666838845518,
    2.255513329850844,
    2.217407522183107,
    2.169473018519856,
    2.1290932175601007,
    2.0681243507589575,
    2.039926254834871,
    2.006835050769829,
    1.9757753195254464,
    1.955864622209824,
    1.852937565660819,
    1.817387224691866,
    1.7940408443627867,
    1.8101289479657472,
    1.7305973967684363,
    1.7477861463134952,
    1.6715287480283219,
    1.674761478378258,
    1.642245485267871,
    1.6252376884468875,
    1.5623012002432037,
    1.5672578860026969,
    1.5470847952504108,
    1.5188981807409632,
    1.506110925361111,
    1.4821163754249922,
    1.4591092946844033,
    1.4303939784185324,
    1.415092968400969,
    1.406739449185077,
    1.3668433059848257,
    1.3509520728044389,
    1.3435847757272072,
    1.3256187160524593,
    1.3309179384493814,
    1.3142647845912283,
    1.2733811414551168,
    1.2644504313637446,
    1.2910607925506667,
    1.2909532040275309,
    1.2350409256694463,
    1.2115360653775624,
    1.1853981015433401,
    1.1839544627628296,
    1.1497236287508268,
    1.185565929759082,
    1.20138646482039,
    1.1724592426875098,
    1.1331861261700082,
    1.1069336209028613,
    1.1135981799093548,
    1.0809551374745066,
    1.068062096027825,
    1.1036792499857144,
    1.0817369965477452,
    1.0594749272955775,
    1.0831162796568172,
    1.05487574779283,
    1.0298778189933477,
    1.041135533714347,
    0.9879981348160418,
    1.0208666785391307,
    1.0136976763729493,
    0.9812570959082761,
    0.9920285271057959,
    0.9710986287734708,
    0.9529274843925274,
    0.9509875294518432,
    0.9476954549271254,
    0.9738174194397023,
    0.9284228633478292,
    0.9229776139814903,
    0.9251726256886087,
    0.9764856631949355,
    0.949820659425231,
    0.9513541854658817,
    0.9170698140748359,
    0.8986986359465129,
    0.929387447585196,
    0.9090413528210152
  ],
  "val_loss": [
    4.088892936706543,
    3.879265069961548,
    3.887944459915161,
    3.7126426696777344,
    3.7937517166137695,
    3.6415491104125977,
    3.6396236419677734,
    3.562431812286377,
    3.5429346561431885,
    3.542839765548706,
    3.502608060836792,
    3.4549367427825928,
    3.5215697288513184,
    3.5802347660064697,
    3.793889284133911,
    3.5125787258148193,
    3.5678977966308594,
    3.6235156059265137,
    3.6387975215911865,
    3.584723949432373,
    3.6731789112091064,
    3.791757106781006,
    3.728393077850342,
    3.6201581954956055,
    3.7972159385681152,
    3.8992466926574707,
    3.7015533447265625,
    3.975079298019409,
    3.783267021179199,
    3.8946597576141357,
    3.800067663192749,
    3.7531871795654297,
    3.9061851501464844,
    4.20405912399292,
    3.9789624214172363,
    3.914442300796509,
    4.052801609039307,
    3.9579617977142334,
    3.9936623573303223,
    3.97798228263855,
    4.268058776855469,
    4.0865068435668945,
    4.056760311126709,
    4.024977684020996,
    4.102541923522949,
    4.259496212005615,
    4.452351093292236,
    4.194620609283447,
    4.448359489440918,
    4.226089000701904,
    4.465301513671875,
    4.445572853088379,
    4.305951118469238,
    4.595279693603516,
    4.4784650802612305,
    4.683000087738037,
    4.362607955932617,
    4.425684928894043,
    4.382147789001465,
    4.410527229309082,
    4.342273235321045,
    4.739573955535889,
    4.572713851928711,
    4.501179218292236,
    4.745707988739014,
    4.807596683502197,
    4.5112457275390625,
    4.617131233215332,
    4.622297763824463,
    4.621775150299072,
    4.627103805541992,
    4.636165142059326,
    4.51362943649292,
    4.500002861022949,
    4.612113952636719,
    4.529026508331299,
    4.5394415855407715,
    4.466193199157715,
    4.8361287117004395,
    4.562605381011963,
    4.710046291351318,
    4.612607955932617,
    4.819130897521973,
    4.645308494567871,
    4.619297027587891,
    4.674759387969971,
    4.6271748542785645,
    4.860537052154541,
    4.591733455657959,
    4.86061429977417,
    4.803187370300293,
    4.785272121429443,
    4.735326766967773,
    4.7886271476745605,
    4.917858123779297,
    4.69167423248291,
    4.715054035186768,
    4.765938758850098,
    4.739160537719727,
    4.617597579956055
  ]
}