{
  "train_mae": 0.5448857545852661,
  "train_rmse": 0.8149287104606628,
  "train_mape": 0.08301517367362976,
  "val_mae": 1.3570737838745117,
  "val_rmse": 2.1784613132476807,
  "val_mape": 0.20619912445545197,
  "test_mae": 1.2144144773483276,
  "test_rmse": 2.0494394302368164,
  "test_mape": 0.19258496165275574
}