{
  "train_loss": [
    4.763518944292158,
    3.6434805135513657,
    3.522093084522007,
    3.4460504141583224,
    3.345901333910533,
    3.2852699789864,
    3.248504590290413,
    3.191336649119821,
    3.1847834876398564,
    3.1619085744887276,
    3.0198328204078613,
    3.0306693373432085,
    2.995081942937836,
    2.9352682343113825,
    2.9031047198997553,
    2.872661306869911,
    2.825055230361595,
    2.772679161492268,
    2.7881835950204246,
    2.6840626737611983,
    2.6401133508164865,
    2.5701439956944663,
    2.551516734355724,
    2.5028796109917546,
    2.481854378913793,
    2.4439308262542756,
    2.3891136427402233,
    2.3815235632812692,
    2.389572686348614,
    2.2757136751643077,
    2.23972702840953,
    2.2074017610291894,
    2.1786208678384567,
    2.156069928970474,
    2.1472074193627977,
    2.1444188443288694,
    2.1306590535310272,
    2.093948809268526,
    2.100032825156643,
    2.0684061026059744,
    2.0092427282291245,
    1.98322077226336,
    2.0140465731814317,
    1.9590097982405563,
    1.9711023415405404,
    1.9441485322851426,
    1.9273442939327015,
    1.8897973540604673,
    1.8839391349824604,
    1.863778460328583
  ],
  "val_loss": [
    4.044412612915039,
    3.7742807865142822,
    3.6735360622406006,
    3.5664327144622803,
    3.545058488845825,
    3.569096565246582,
    3.580502510070801,
    3.4567089080810547,
    3.5724170207977295,
    3.5306479930877686,
    3.5692193508148193,
    3.4250216484069824,
    3.5382423400878906,
    3.53283429145813,
    3.5809195041656494,
    3.530329704284668,
    3.4539949893951416,
    3.4549636840820312,
    3.68605637550354,
    3.4431440830230713,
    3.4749326705932617,
    3.609537124633789,
    3.4875049591064453,
    3.6448652744293213,
    3.6529552936553955,
    3.7176921367645264,
    3.7392938137054443,
    3.840371608734131,
    4.150378227233887,
    3.9088172912597656,
    4.079355716705322,
    3.9066436290740967,
    3.868647813796997,
    3.88358736038208,
    3.953164577484131,
    4.070943832397461,
    4.189663887023926,
    4.109872341156006,
    3.9185664653778076,
    4.100831031799316,
    3.9676196575164795,
    4.260549545288086,
    4.066946029663086,
    4.203386306762695,
    4.200348854064941,
    4.188413619995117,
    4.194642066955566,
    4.470890522003174,
    4.163188457489014,
    4.2562713623046875
  ]
}