{
  "train_mae": 0.7168120741844177,
  "train_rmse": 1.1460551023483276,
  "train_mape": 0.11356016993522644,
  "val_mae": 1.2467267513275146,
  "val_rmse": 2.0918684005737305,
  "val_mape": 0.1842947155237198,
  "test_mae": 1.0985912084579468,
  "test_rmse": 1.9493188858032227,
  "test_mape": 0.16489338874816895
}