{
  "train_loss": [
    4.274774497151704,
    3.1519105780657846,
    3.0716891538892774,
    3.0164364613860037,
    2.961420313157409,
    2.9317513861621958,
    2.9030779300639145,
    2.8631112978380733,
    2.8146703209026556,
    2.8173055594827114,
    2.76932095796742,
    2.7498261191317024,
    2.724264224019253,
    2.644102448656176,
    2.6688912509884513,
    2.615436837792989,
    2.6334508297392047,
    2.516965015759987,
    2.4982513174176018,
    2.4678014026433313,
    2.4328353366820212,
    2.349084624264663,
    2.335704561296186,
    2.304367491318204,
    2.2281089255587294,
    2.1815782693918733,
    2.220760411218278,
    2.1585033034699057,
    2.1137256361646983,
    2.0789014213589394,
    1.9870346286295528,
    1.9942835719462984,
    1.9469344189389513,
    1.9358160531961872,
    1.8844192057008706,
    1.866941446365407,
    1.8551916240131836,
    1.8388002057025474,
    1.8072263421701635,
    1.8020559658601363,
    1.7180796374542684,
    1.670031322095356,
    1.713277631803878,
    1.6647776461384824,
    1.6804017187283884,
    1.6082257496461494,
    1.5787326782727886,
    1.5558173589980253,
    1.5861231626429524,
    1.575953962525105
  ],
  "val_loss": [
    3.6118733882904053,
    3.559396743774414,
    3.6100268363952637,
    3.5281050205230713,
    3.5350186824798584,
    3.714350461959839,
    3.513583183288574,
    3.3846046924591064,
    3.464855194091797,
    3.5153276920318604,
    3.4583580493927,
    3.4794509410858154,
    3.57654070854187,
    3.5325732231140137,
    3.5856995582580566,
    3.5146067142486572,
    3.453075408935547,
    3.3608062267303467,
    3.6245226860046387,
    3.5976552963256836,
    3.5161235332489014,
    3.5248632431030273,
    3.5791778564453125,
    3.5879311561584473,
    3.7121944427490234,
    3.7487337589263916,
    3.4954426288604736,
    3.6086511611938477,
    3.7185089588165283,
    3.7136106491088867,
    3.781111478805542,
    3.884539842605591,
    3.6938681602478027,
    3.783398151397705,
    3.743495464324951,
    4.000631332397461,
    3.988438844680786,
    3.757091522216797,
    3.8354249000549316,
    3.940730094909668,
    4.070925235748291,
    4.109986305236816,
    4.251240253448486,
    3.90342116355896,
    3.9500272274017334,
    3.9699060916900635,
    4.120204925537109,
    4.067280292510986,
    4.73377799987793,
    4.001003265380859
  ]
}