{
  "train_mae": 0.7303546071052551,
  "train_rmse": 1.1846834421157837,
  "train_mape": 0.10488884150981903,
  "val_mae": 1.222076654434204,
  "val_rmse": 2.0376737117767334,
  "val_mape": 0.17180287837982178,
  "test_mae": 1.0758366584777832,
  "test_rmse": 1.9343905448913574,
  "test_mape": 0.15955454111099243
}