{
  "train_loss": [
    4.325956094337392,
    3.147079149574815,
    3.061920353880513,
    3.0364763477373886,
    2.9228715100122513,
    2.9063125604558953,
    2.869606643668332,
    2.8334114319839774,
    2.808738312492181,
    2.7733175335899367,
    2.678957463890594,
    2.6692432650276996,
    2.63619701471334,
    2.6082909248074007,
    2.5533897485738297,
    2.525639314996413,
    2.5046932843427907,
    2.4979539201906014,
    2.4244251207776126,
    2.4145760666527583,
    2.313494123456756,
    2.206936088995931,
    2.2085294874908517,
    2.188361696351766,
    2.1696188025945857,
    2.1676060386549234,
    2.101955899212783,
    2.046787687193156,
    2.059401428877221,
    2.0171692409546975,
    1.946304837818767,
    1.88992954649891,
    1.8550922708706195,
    1.8105764756342246,
    1.8039765953030262,
    1.8188488407071817,
    1.7850739442466175,
    1.7804746668619191,
    1.751947819956227,
    1.696244123757445,
    1.6434115836924443,
    1.6267105449569088,
    1.6346376877605158,
    1.621359868315555,
    1.5964428380600726,
    1.5797823945308245,
    1.5409043943730591,
    1.5412396089863474,
    1.604247304499314,
    1.5238151407452463
  ],
  "val_loss": [
    3.8024444580078125,
    3.6162679195404053,
    3.508667469024658,
    3.5542476177215576,
    3.5566959381103516,
    3.4897372722625732,
    3.440790891647339,
    3.9000768661499023,
    3.4081668853759766,
    3.453152656555176,
    3.676025867462158,
    3.426767587661743,
    3.5251805782318115,
    3.4597649574279785,
    3.4622275829315186,
    3.5180370807647705,
    3.7310473918914795,
    3.4297194480895996,
    3.6900973320007324,
    3.579266309738159,
    3.6949727535247803,
    3.7750346660614014,
    3.7682292461395264,
    3.63850736618042,
    3.4316184520721436,
    3.6213111877441406,
    3.6837143898010254,
    3.8306052684783936,
    3.7502927780151367,
    3.9815001487731934,
    3.945953845977783,
    3.7932145595550537,
    3.791062355041504,
    3.952634334564209,
    4.100407123565674,
    4.0245747566223145,
    3.983287811279297,
    3.8933920860290527,
    3.8384628295898438,
    3.928410053253174,
    3.9694504737854004,
    4.1482391357421875,
    4.120909690856934,
    3.9440441131591797,
    4.077096939086914,
    3.9006829261779785,
    4.129566669464111,
    4.212217330932617,
    4.080824375152588,
    4.037524223327637
  ]
}