{
  "train_mae": 0.7131555080413818,
  "train_rmse": 1.151882290840149,
  "train_mape": 0.10758543014526367,
  "val_mae": 1.2309465408325195,
  "val_rmse": 2.038681745529175,
  "val_mape": 0.1753251701593399,
  "test_mae": 1.0560201406478882,
  "test_rmse": 1.8782403469085693,
  "test_mape": 0.15220630168914795
}