{
  "train_loss": [
    4.2550879504258035,
    3.159600669017225,
    3.059034513676779,
    2.954668512797237,
    2.9404347515580143,
    2.9004635479093452,
    2.829970620996316,
    2.7917738473593103,
    2.7740047238664296,
    2.747998038949656,
    2.685699493960081,
    2.6637832624750333,
    2.6230602735712143,
    2.5837740870485773,
    2.5507495641576723,
    2.4939066364513716,
    2.4930301648618634,
    2.4482599186805123,
    2.3881402311899067,
    2.3808011576854216,
    2.313529065536044,
    2.254649721016086,
    2.2211774793663848,
    2.1823783421108303,
    2.142259484295816,
    2.160503252378029,
    2.096117304939384,
    2.0163522182677345,
    1.9936297767929845,
    1.9880764198724503,
    1.9198210535623434,
    1.8498364683674686,
    1.8729035845124082,
    1.810342090225957,
    1.77830466060333,
    1.7770804068056145,
    1.7518493079928519,
    1.7235200079944764,
    1.684479932110985,
    1.6993966916198562,
    1.6239911874047568,
    1.6242118796085798,
    1.5786835270517772,
    1.5690676293144037,
    1.5886779087541645,
    1.567599220410162,
    1.53709278970315,
    1.5169558789702426,
    1.4724107004541642,
    1.4866479483840875
  ],
  "val_loss": [
    4.27351188659668,
    3.6662192344665527,
    3.5682713985443115,
    3.4194798469543457,
    3.686635732650757,
    3.5655906200408936,
    3.4052982330322266,
    3.6178646087646484,
    3.463287830352783,
    3.7503268718719482,
    3.532132387161255,
    3.5483689308166504,
    3.5283615589141846,
    3.7118749618530273,
    3.7232825756073,
    3.844341278076172,
    3.788870334625244,
    3.9096193313598633,
    3.8021562099456787,
    3.784764528274536,
    3.5339670181274414,
    3.635462522506714,
    3.7234463691711426,
    3.795013666152954,
    3.8138678073883057,
    3.941617727279663,
    3.7623484134674072,
    3.902998447418213,
    4.2134013175964355,
    3.7467246055603027,
    3.9818387031555176,
    3.922916889190674,
    4.066513538360596,
    3.912904739379883,
    4.064365386962891,
    3.8265388011932373,
    4.578525543212891,
    4.625229835510254,
    3.87481427192688,
    4.163062572479248,
    3.8675055503845215,
    4.199985504150391,
    4.075632095336914,
    3.878322124481201,
    4.04918909072876,
    4.106800079345703,
    3.8991549015045166,
    4.238187789916992,
    4.086156845092773,
    4.292696475982666
  ]
}