{
  "train_mae": 0.6913357973098755,
  "train_rmse": 1.1157901287078857,
  "train_mape": 0.10022086650133133,
  "val_mae": 1.2518035173416138,
  "val_rmse": 2.106107473373413,
  "val_mape": 0.18144264817237854,
  "test_mae": 1.094944953918457,
  "test_rmse": 1.9822311401367188,
  "test_mape": 0.1618865728378296
}