{
  "train_loss": [
    5.845992546855646,
    3.4204992562088106,
    3.2867738921493537,
    3.1943328553046526,
    3.1232262032259768,
    3.0401263777423733,
    2.9643447803963885,
    2.8906571506993144,
    2.8480290870914007,
    2.7926001128802835,
    2.7366794364877594,
    2.6861410877574285,
    2.6408827259420757,
    2.581589733283866,
    2.57694025391179,
    2.483332724415881,
    2.434862875201174,
    2.417333714281374,
    2.3470256689962663,
    2.302564474510791,
    2.2396359839931765,
    2.1657744501257126,
    2.142157524149435,
    2.105521708150913,
    2.07789247750841,
    2.0237794467456296,
    1.9968486391727862,
    1.9253192577883396,
    1.9081753250118911,
    1.858769383435747,
    1.7983398946986417,
    1.7841518869852901,
    1.7375257539196214,
    1.7137929902492737,
    1.6897951098912858,
    1.6590023649653831,
    1.684622043209929,
    1.6443547210200988,
    1.6196383089073978,
    1.5719262301625632,
    1.5406464995895546,
    1.4998034553459374,
    1.5110983882142588,
    1.4807243602898554,
    1.4700874387395113,
    1.4287161290612687,
    1.4062518267457753,
    1.423069354383278,
    1.3965478226139294,
    1.3760093911651219
  ],
  "val_loss": [
    4.09771728515625,
    3.9261040687561035,
    3.8284831047058105,
    3.758061408996582,
    3.6878976821899414,
    3.6901297569274902,
    3.603968620300293,
    3.641937494277954,
    3.609654664993286,
    3.5612032413482666,
    3.5156731605529785,
    3.515249013900757,
    3.4976298809051514,
    3.598752737045288,
    3.616865873336792,
    3.7724194526672363,
    3.5006015300750732,
    3.52244234085083,
    3.8221755027770996,
    3.5843451023101807,
    3.680969715118408,
    3.7212917804718018,
    3.6922624111175537,
    3.5083329677581787,
    3.641252040863037,
    3.7931387424468994,
    3.7745399475097656,
    3.898247718811035,
    3.883936882019043,
    3.841940402984619,
    3.928701877593994,
    4.101423740386963,
    4.035609245300293,
    3.9884226322174072,
    3.8466265201568604,
    4.12282657623291,
    4.034152984619141,
    3.935549020767212,
    4.101551532745361,
    4.392800331115723,
    4.083370685577393,
    4.16768217086792,
    4.182350158691406,
    4.652477264404297,
    4.272177696228027,
    4.2248005867004395,
    4.482114315032959,
    4.491257667541504,
    4.2970051765441895,
    4.31055212020874
  ]
}