{
  "train_mae": 0.6928965449333191,
  "train_rmse": 1.0781506299972534,
  "train_mape": 0.1087619736790657,
  "val_mae": 1.3234965801239014,
  "val_rmse": 2.097764730453491,
  "val_mape": 0.20680300891399384,
  "test_mae": 1.180942416191101,
  "test_rmse": 1.9593048095703125,
  "test_mape": 0.18642425537109375
}