{
  "train_loss": [
    6.208635723192609,
    5.696833389329357,
    5.610171483941726,
    5.552733716267469,
    5.487525486546218,
    5.440741476656849,
    5.375563344475415,
    5.3112315757787405,
    5.24114532416562,
    5.167287121857565,
    5.083146754679003,
    5.005766986866704,
    4.934243166015943,
    4.876207853736863,
    4.820853919146685,
    4.775104159934622,
    4.717053826542469,
    4.659702687155535,
    4.61676210041396,
    4.564980054892341,
    4.492501322540014,
    4.454485337492151,
    4.408980430229832,
    4.377118234428531,
    4.326395499986437,
    4.303156650172108,
    4.275360757615654,
    4.242567083857488,
    4.21980262100532,
    4.189625200071366,
    4.145645089554464,
    4.100819410769601,
    4.081218771930642,
    4.061220215560486,
    4.031087621620665,
    4.0183073368040745,
    3.9960191593392818,
    3.977314970601599,
    3.958211190871018,
    3.9382838977882377,
    3.881882000490324,
    3.8761924801796495,
    3.8478697414850904,
    3.8314928294034507,
    3.8197625630511016,
    3.804308388717493,
    3.784295308431955,
    3.7701874432179197,
    3.763189713622344,
    3.7523683869891373
  ],
  "val_loss": [
    18.870962142944336,
    34.98353576660156,
    19.139713287353516,
    6.652285099029541,
    72.27389526367188,
    15.216897964477539,
    137.7223358154297,
    469.8864440917969,
    55.061058044433594,
    18.85699462890625,
    15.568979263305664,
    73.59402465820312,
    141.97366333007812,
    480.6394348144531,
    78.55132293701172,
    147.48214721679688,
    197.80711364746094,
    2315.747802734375,
    447.0403137207031,
    2447.23583984375,
    3132.861328125,
    150.41717529296875,
    246.34283447265625,
    455.01556396484375,
    116.83895874023438,
    881.1366577148438,
    54.06215286254883,
    48.517635345458984,
    245.12841796875,
    343.40411376953125,
    48.58990478515625,
    14.244623184204102,
    208.0660400390625,
    366.0693664550781,
    2064.022705078125,
    6544.0888671875,
    3330.316162109375,
    1970.446533203125,
    36.48121643066406,
    430.7574462890625,
    155.1388397216797,
    164.28961181640625,
    138.68125915527344,
    26.97654151916504,
    40.27230453491211,
    28.103132247924805,
    145.61605834960938,
    37.30474853515625,
    47.21229934692383,
    236.83255004882812
  ]
}