{
  "train_mae": 18.933324813842773,
  "train_rmse": 23.549243927001953,
  "train_mape": 2.738530158996582,
  "val_mae": 11.242644309997559,
  "val_rmse": 15.282828330993652,
  "val_mape": 1.7199764251708984,
  "test_mae": 19.38373565673828,
  "test_rmse": 24.336191177368164,
  "test_mape": 2.8023366928100586
}