{
  "train_loss": [
    4.495327975590673,
    3.1470576462200635,
    3.028152757952188,
    2.9746023498800565,
    2.929600337406076,
    2.8690286667421994,
    2.8595095565475726,
    2.8024283660044005,
    2.7831522831266455,
    2.7450360873994875,
    2.692443684409956,
    2.6656183536904483,
    2.6088072687535573,
    2.6082444467444503,
    2.576754177557968,
    2.510686705877345,
    2.500284845166809,
    2.4399853670287697,
    2.4171604659924646,
    2.4193011185926734,
    2.3613769135246088,
    2.31547684882768,
    2.272487253460813,
    2.2424283054637226,
    2.1784731441278735,
    2.1839446163783083,
    2.1449475335785197,
    2.1025095925286355,
    2.0911087559310855,
    2.0620883934936227,
    1.9773609480233827,
    1.9506512256961446,
    1.9025981282082005,
    1.8973214459116454,
    1.9086302507654334,
    1.8156595126098851,
    1.8186021554805771,
    1.7765715801538122,
    1.7533380008415251,
    1.7556862232107144,
    1.7106515185599955,
    1.6766872377042807,
    1.6251650306811194,
    1.5978886155645076,
    1.5821056970241385,
    1.6263144334201192,
    1.5698293901029574,
    1.5455627937069392,
    1.5310417166209103,
    1.4962406836445985
  ],
  "val_loss": [
    3.618330717086792,
    3.5178098678588867,
    3.566817045211792,
    3.5945868492126465,
    3.5701818466186523,
    3.442981719970703,
    3.838425397872925,
    3.877501964569092,
    3.5525035858154297,
    3.63722825050354,
    3.5038414001464844,
    3.5842204093933105,
    3.5385384559631348,
    3.449259042739868,
    3.518787145614624,
    3.6585404872894287,
    3.7669851779937744,
    3.5466604232788086,
    3.716731071472168,
    3.6639246940612793,
    3.561424732208252,
    3.5685901641845703,
    3.7607035636901855,
    3.762052059173584,
    3.800396203994751,
    3.731093168258667,
    3.8642079830169678,
    3.8748536109924316,
    3.785977602005005,
    3.954072952270508,
    3.674091339111328,
    4.07845401763916,
    4.332314968109131,
    4.060123443603516,
    3.7645552158355713,
    3.960801601409912,
    4.046045303344727,
    3.8313074111938477,
    4.078060626983643,
    4.11939811706543,
    4.214112758636475,
    4.029019355773926,
    4.038624286651611,
    4.732000350952148,
    4.381580829620361,
    4.1714186668396,
    4.2774248123168945,
    4.318119049072266,
    4.546729564666748,
    4.055150508880615
  ]
}