{
  "train_mae": 0.688338577747345,
  "train_rmse": 1.1193790435791016,
  "train_mape": 0.10516040027141571,
  "val_mae": 1.225533127784729,
  "val_rmse": 2.0470597743988037,
  "val_mape": 0.19343452155590057,
  "test_mae": 1.0919959545135498,
  "test_rmse": 1.9620442390441895,
  "test_mape": 0.17030592262744904
}