{
  "train_loss": [
    5.45048932539436,
    3.4312029652408578,
    3.300957450940423,
    3.2104454847543296,
    3.139614042164146,
    3.084923863081824,
    2.976782711614633,
    2.9238207188842704,
    2.879536423348775,
    2.8201082704608313,
    2.7758410931423447,
    2.739619403435735,
    2.6717687361415483,
    2.6438851617173817,
    2.584754515457785,
    2.5703349113464355,
    2.540730024819082,
    2.5124416659379913,
    2.416210535018896,
    2.3494006395998217,
    2.299563506109026,
    2.2774140557026348,
    2.217402805484243,
    2.1773198790342225,
    2.1396811844432375,
    2.109197552990084,
    2.0479597568775265,
    2.012760114169529,
    1.987634293484069,
    1.963945368651459,
    1.8822182799359832,
    1.8918803960562147,
    1.8105069514073961,
    1.844563535469662,
    1.729915961450401,
    1.772776789062264,
    1.7143880398743458,
    1.668504611488734,
    1.7607460857293409,
    1.6913489227068483,
    1.6232015519165848,
    1.5834803968947742,
    1.5729639139838931,
    1.5123173099799028,
    1.555915971278881,
    1.5195280760444376,
    1.4612781958050782,
    1.473409532184169,
    1.4896517426581886,
    1.4205811800448556
  ],
  "val_loss": [
    4.008575439453125,
    3.8627665042877197,
    3.753222703933716,
    3.668457508087158,
    3.684450626373291,
    3.558295726776123,
    3.5375821590423584,
    3.5262696743011475,
    3.5830118656158447,
    3.4893958568573,
    3.506876230239868,
    3.542071580886841,
    3.5631463527679443,
    3.6096978187561035,
    3.582596778869629,
    3.5222911834716797,
    3.525782585144043,
    3.585999011993408,
    3.577211618423462,
    3.4983415603637695,
    3.62229323387146,
    3.6306586265563965,
    3.836674451828003,
    3.659853458404541,
    4.1272687911987305,
    3.781526565551758,
    3.622363328933716,
    3.7076261043548584,
    3.91633677482605,
    3.805232524871826,
    3.862361431121826,
    3.9821200370788574,
    4.01171350479126,
    3.9255869388580322,
    3.9552204608917236,
    3.947666883468628,
    3.991852283477783,
    4.0437140464782715,
    4.116220474243164,
    4.263190746307373,
    4.127843379974365,
    4.170919895172119,
    4.410674095153809,
    4.118706703186035,
    4.338703632354736,
    4.258966445922852,
    4.214089870452881,
    4.361294746398926,
    4.547651767730713,
    4.302583694458008
  ]
}