{
  "train_mae": 0.6944892406463623,
  "train_rmse": 1.075546383857727,
  "train_mape": 0.11121810227632523,
  "val_mae": 1.2859854698181152,
  "val_rmse": 2.0929481983184814,
  "val_mape": 0.1932704746723175,
  "test_mae": 1.1246633529663086,
  "test_rmse": 1.9425458908081055,
  "test_mape": 0.17475762963294983
}