{
  "train_loss": [
    6.469685026224224,
    4.698500679934173,
    3.892451375945475,
    3.59980754496151,
    3.4822619256142264,
    3.357232589246821,
    3.2683197844572582,
    3.1611342485514915,
    3.1227895463650652,
    3.0478202916774513,
    2.9024498549734408,
    2.823487089679449,
    2.7916315359693344,
    2.6918634252429503,
    2.6573885634727,
    2.5775585550490256,
    2.5431359204019253,
    2.488505811018568,
    2.467624613259343,
    2.3892951587423745,
    2.2752986365828773,
    2.25312650629099,
    2.2297961956237855,
    2.1610591399719112,
    2.1712418386055723,
    2.0877938600991275,
    2.0262214503347624,
    2.0446744150145912,
    1.98074731846568,
    1.9481887111030673,
    1.8819736562823854,
    1.8380249648667966,
    1.829692121956853,
    1.7914558157386622,
    1.7535885433933052,
    1.7122490686994372,
    1.7105721483586735,
    1.7081343142323475,
    1.7067909281283493,
    1.6928946057790542,
    1.579063438973486,
    1.5349641210310687,
    1.5379769987090495,
    1.5361780873967403,
    1.5328606825151878,
    1.4825271206772674,
    1.4801993482835065,
    1.451414132118225,
    1.4230348447546424,
    1.4354206852893117
  ],
  "val_loss": [
    6.647149085998535,
    5.3588972091674805,
    5.646008014678955,
    4.850131988525391,
    4.5406084060668945,
    4.42988395690918,
    4.512045383453369,
    4.840284824371338,
    4.461007118225098,
    4.554240703582764,
    4.6428303718566895,
    4.692055702209473,
    4.778406620025635,
    4.567595958709717,
    4.474800109863281,
    4.968280792236328,
    4.847395420074463,
    4.737804412841797,
    4.717212677001953,
    4.796965599060059,
    4.891602039337158,
    5.138628959655762,
    4.8905463218688965,
    5.161966323852539,
    5.0964765548706055,
    5.1344757080078125,
    5.052099227905273,
    5.272029876708984,
    5.2744035720825195,
    5.145902156829834,
    5.143976211547852,
    4.899142742156982,
    5.180204391479492,
    5.095977306365967,
    5.697132110595703,
    5.203457355499268,
    5.068265914916992,
    5.0067033767700195,
    5.19493293762207,
    5.128232479095459,
    5.325590133666992,
    5.452572345733643,
    5.386697769165039,
    5.415114402770996,
    5.421542167663574,
    5.725224018096924,
    5.427041530609131,
    5.504370212554932,
    5.506460189819336,
    5.285613536834717
  ]
}