{
  "train_mae": 0.6994878649711609,
  "train_rmse": 1.0822935104370117,
  "train_mape": 0.1046362891793251,
  "val_mae": 1.411071538925171,
  "val_rmse": 2.3221983909606934,
  "val_mape": 0.19458651542663574,
  "test_mae": 1.1990693807601929,
  "test_rmse": 2.136838436126709,
  "test_mape": 0.17899222671985626
}