{
  "train_loss": [
    6.640746105842864,
    3.3883889444225863,
    3.280341282264756,
    3.2275337676591205,
    3.1608663912572497,
    3.0971897373799786,
    3.0275950551625446,
    2.9672806232690414,
    2.9420632752577025,
    2.891010822215046,
    2.823269647633022,
    2.7998749385677866,
    2.7410942853188263,
    2.720758375576489,
    2.6512389123143576,
    2.632229815787995,
    2.5817775116119512,
    2.5522988083479747,
    2.4973562145549115,
    2.4749500243325446,
    2.3997075843389752,
    2.361743224713764,
    2.327955417182813,
    2.2551309055942386,
    2.221094768525223,
    2.199719414534587,
    2.1818252102832383,
    2.1010916979519587,
    2.0726311390469707,
    2.04289176304784,
    1.9966378731993533,
    1.951239901573733,
    1.9225782771455457,
    1.873029646196792,
    1.8523949244481828,
    1.8009868377746632,
    1.8021575878628837,
    1.7691876627607677,
    1.71305175001354,
    1.702733654860039,
    1.6326172397914742,
    1.6023799890579273,
    1.587731723493137,
    1.5753592635833513,
    1.5371514020342645,
    1.544043581042087,
    1.5164512705236821,
    1.4907191357581013,
    1.4893474141120384,
    1.4553325909201709
  ],
  "val_loss": [
    4.183907508850098,
    4.003259181976318,
    3.9394242763519287,
    3.879830837249756,
    3.8132927417755127,
    3.755725622177124,
    3.7086639404296875,
    3.6728949546813965,
    3.6837093830108643,
    3.645399332046509,
    3.626826047897339,
    3.6286113262176514,
    3.646547794342041,
    3.644488573074341,
    3.617473602294922,
    3.5971362590789795,
    3.6224262714385986,
    3.748427629470825,
    3.6982383728027344,
    3.8502237796783447,
    3.8199126720428467,
    3.8548760414123535,
    3.820439577102661,
    3.8061397075653076,
    4.241050720214844,
    3.9794764518737793,
    4.150878429412842,
    4.1879167556762695,
    4.109347820281982,
    3.8491878509521484,
    4.242260456085205,
    4.363846778869629,
    4.3748273849487305,
    4.553532600402832,
    4.525014400482178,
    4.146766185760498,
    4.52678108215332,
    4.378146648406982,
    4.444202899932861,
    4.440715312957764,
    4.632585525512695,
    4.559303283691406,
    4.490375995635986,
    4.873617172241211,
    4.535254001617432,
    4.787108898162842,
    4.6588568687438965,
    4.677674770355225,
    4.501551151275635,
    4.556921482086182
  ]
}