{
  "train_mae": 0.726915717124939,
  "train_rmse": 1.1213632822036743,
  "train_mape": 0.1144523173570633,
  "val_mae": 1.3761940002441406,
  "val_rmse": 2.15985369682312,
  "val_mape": 0.20718680322170258,
  "test_mae": 1.2290606498718262,
  "test_rmse": 2.0293352603912354,
  "test_mape": 0.19188664853572845
}