{
  "train_loss": [
    5.420411355452008,
    3.171932824601922,
    3.2292285966056937,
    3.177827981214771,
    3.1087605452945652,
    3.1465840834665535,
    3.017758487931014,
    3.0578762377776343,
    2.986534130500865,
    2.9746067604262945,
    2.9722770376800502,
    2.9729026511912187,
    2.8969104655996203,
    2.896646082565838,
    3.1038415281895047,
    2.9876427784734902,
    2.844562675464489,
    2.9223009403867,
    2.909483381426183,
    2.951423137507868,
    2.858968161009478,
    2.7922416525871827,
    2.848642405326165,
    2.8653763213386725,
    2.8024068051184954,
    2.772316091630684,
    2.755113662112029,
    2.747510736255867,
    2.7420249912108194,
    2.710900867268369,
    2.709395654158063,
    2.6896897785443747,
    2.738186085704675,
    2.7034717176185663,
    2.7234819357333295,
    2.6588474799755986,
    2.722163757785521,
    2.6713438850289086,
    2.6855192079128054,
    2.628928490069477,
    2.5575504179227293,
    2.559652435127903,
    2.470226566808649,
    2.51980822235099,
    2.515320037623784,
    2.506140541069288,
    2.4777700508713787,
    2.421745834792931,
    2.45060844595165,
    2.4200188459315264,
    2.412222695706103,
    2.3399066054840763,
    2.3336952043330057,
    2.283310520260588,
    2.2976857982637604,
    2.242750104259615,
    2.274478922095633,
    2.276073233189996,
    2.277744994777003,
    2.2369159408065906,
    2.165166342738977,
    2.130169279334428,
    2.133211258957229,
    2.1124892269031306,
    2.1446873151025083,
    2.1341472455377017,
    2.0579207050148653,
    2.048002272005044,
    2.042243121672177,
    2.0715843551663125,
    1.996805529381148,
    1.9909013799380888,
    1.9285230978887296,
    1.9187196383220857,
    1.8751167247862792,
    1.8883155375669702,
    1.8772729212641386,
    1.9298009823725937,
    1.8566295757667588,
    1.8740578820730427,
    1.8328195218550178,
    1.796065734474123,
    1.7800273409474296,
    1.7517880928707281,
    1.7889007957254175,
    1.765770830942214,
    1.7636681510097476,
    1.7586218119984105,
    1.7747112870018895,
    1.6782289493288012,
    1.7016820500793541,
    1.6556843561338892,
    1.6836338752807667,
    1.68811244072011,
    1.6711178100418478,
    1.6774613601209576,
    1.6549043810742787,
    1.6263127010346512,
    1.6339542683417596,
    1.639541533492271
  ],
  "val_loss": [
    3.6756234169006348,
    3.7178263664245605,
    3.6902554035186768,
    3.814974308013916,
    4.109917640686035,
    3.569058656692505,
    4.251008033752441,
    3.538241386413574,
    3.931182622909546,
    3.626293420791626,
    3.7148051261901855,
    3.5256717205047607,
    3.765251636505127,
    3.555098295211792,
    5.532352924346924,
    3.401066303253174,
    4.09686803817749,
    4.609543800354004,
    3.6673946380615234,
    4.340066909790039,
    3.983175039291382,
    3.4119651317596436,
    3.936384916305542,
    3.7704601287841797,
    3.7119901180267334,
    3.4946749210357666,
    3.743746042251587,
    3.688736915588379,
    3.5434999465942383,
    3.449875831604004,
    3.776339530944824,
    3.563450574874878,
    3.8008975982666016,
    3.6275954246520996,
    3.5508995056152344,
    3.4845805168151855,
    3.9486734867095947,
    4.897098064422607,
    3.6235599517822266,
    3.4455482959747314,
    3.507554054260254,
    3.569153070449829,
    3.5694730281829834,
    3.8117756843566895,
    3.49344801902771,
    3.435223340988159,
    5.063124179840088,
    3.50087308883667,
    4.079522609710693,
    3.6177682876586914,
    3.630704164505005,
    3.6815240383148193,
    3.607591390609741,
    3.400362253189087,
    3.717769145965576,
    3.626816511154175,
    3.8348469734191895,
    4.198302268981934,
    3.595672130584717,
    3.719517946243286,
    3.6716344356536865,
    3.8719840049743652,
    3.4900460243225098,
    3.8000946044921875,
    3.917186975479126,
    3.6797585487365723,
    3.888406276702881,
    3.872248649597168,
    3.804457664489746,
    3.8636727333068848,
    4.753782272338867,
    3.801762580871582,
    3.8185906410217285,
    3.987743854522705,
    5.492143630981445,
    3.999131917953491,
    3.844876527786255,
    4.232463836669922,
    3.820655107498169,
    4.042571067810059,
    3.79341983795166,
    3.711604118347168,
    3.783205509185791,
    4.645780086517334,
    3.944754123687744,
    3.822256088256836,
    3.8962254524230957,
    3.7069637775421143,
    3.940636396408081,
    3.997957944869995,
    4.294231414794922,
    3.8684751987457275,
    4.307766914367676,
    4.67311429977417,
    3.910630226135254,
    4.487751483917236,
    4.263499736785889,
    3.9842782020568848,
    4.126143455505371,
    4.963390350341797
  ]
}