{
  "train_mae": 0.9895473122596741,
  "train_rmse": 1.401456356048584,
  "train_mape": 0.14034512639045715,
  "val_mae": 1.486478328704834,
  "val_rmse": 2.251736879348755,
  "val_mape": 0.21756748855113983,
  "test_mae": 1.2583650350570679,
  "test_rmse": 2.026433229446411,
  "test_mape": 0.19048015773296356
}