{
  "train_loss": [
    4.389875206876235,
    3.1907759392083777,
    3.0565604568515146,
    2.978645520207633,
    2.947758676201385,
    2.911879818324948,
    2.866324035585552,
    2.8070365708549665,
    2.7787235944327695,
    2.736331966948865,
    2.664154324987065,
    2.657029276984229,
    2.6389108629663762,
    2.5650780876323966,
    2.5564863122279706,
    2.5432163925213027,
    2.4703857462949874,
    2.420337562466247,
    2.3965341963207174,
    2.377817322311317,
    2.312951168389955,
    2.2746745663279,
    2.2423066630803175,
    2.1783861301012424,
    2.182782460812506,
    2.130830172607742,
    2.0809289603388685,
    2.0641553245283237,
    2.0431370599568712,
    2.0030475114341075,
    1.91894732938163,
    1.8870185437879137,
    1.8822236491592466,
    1.843473420493317,
    1.8302917394896097,
    1.8088375197662825,
    1.7847615871424178,
    1.7583732236359806,
    1.7388933930589243,
    1.7410148191952297,
    1.649239808666581,
    1.6139468350902832,
    1.6354705169015271,
    1.5845359870572566,
    1.5564152886695062,
    1.6131184274883048,
    1.5953975172084975,
    1.5259645675704467,
    1.580414188888967,
    1.5344127221110115,
    1.4951754746550292,
    1.4479422695000879,
    1.4384240145712253,
    1.4201033528110456,
    1.3910763498039815,
    1.4075522963873002,
    1.4059347233543207,
    1.4140471555066332,
    1.3930095334792914,
    1.3578131981543715,
    1.3144873306278626,
    1.2952153745900854,
    1.2406947153961376,
    1.266278260653352,
    1.2355499844864415,
    1.2660652225284799,
    1.2507922467047967,
    1.1940865774697063,
    1.2160875495792687,
    1.1988586340735197,
    1.145953063014329,
    1.1696382155410496,
    1.1809932667533711,
    1.1626690189723874,
    1.11790674250143,
    1.133794562353211,
    1.1259226398465385,
    1.0873819688352546,
    1.0833492586126912,
    1.1235987508185064,
    1.0553815995113156,
    1.0421477045096592,
    1.0473325935139437,
    1.0258420963171502,
    1.0353449353323925,
    1.0213470761450794,
    0.9701915770061499,
    0.9903791627457365,
    0.9919367361503172,
    0.974546167121152,
    0.9621899655548529,
    0.9643848012785172,
    0.9516891590604988,
    0.9616339463742645,
    0.9455659754496132,
    0.9177894694314089,
    0.9268777182522168,
    0.8927224886015855,
    0.9190948061492811,
    0.879052062050405
  ],
  "val_loss": [
    3.753875970840454,
    3.6017050743103027,
    3.5247271060943604,
    3.618474006652832,
    3.507460832595825,
    3.666651725769043,
    3.500917434692383,
    3.466496229171753,
    3.414641857147217,
    3.393458366394043,
    3.460515022277832,
    3.5774471759796143,
    3.4977567195892334,
    3.6022088527679443,
    3.90128493309021,
    3.591196060180664,
    3.830883502960205,
    3.5993688106536865,
    3.907409191131592,
    3.511613130569458,
    3.5779101848602295,
    3.685532331466675,
    3.7247378826141357,
    3.569852352142334,
    3.7334227561950684,
    3.826678514480591,
    3.5990240573883057,
    3.884655714035034,
    3.7532458305358887,
    3.981900930404663,
    3.879591464996338,
    4.023063659667969,
    3.9468472003936768,
    3.92690372467041,
    4.094605922698975,
    3.9170682430267334,
    3.894289016723633,
    4.053738594055176,
    4.118524074554443,
    4.160980701446533,
    4.186581611633301,
    4.368104457855225,
    4.19663667678833,
    4.100708484649658,
    4.243235111236572,
    4.2368011474609375,
    4.187616348266602,
    4.319613933563232,
    4.20150089263916,
    4.152312755584717,
    4.311789512634277,
    4.427457332611084,
    4.267187595367432,
    4.237178325653076,
    4.459139823913574,
    4.22016716003418,
    4.7017693519592285,
    4.491616249084473,
    4.496130466461182,
    5.134964466094971,
    4.888006210327148,
    4.5397562980651855,
    4.712357044219971,
    4.454490661621094,
    4.47503137588501,
    4.733632564544678,
    4.645811557769775,
    4.815322399139404,
    4.689532279968262,
    4.712129592895508,
    4.935222148895264,
    4.806787967681885,
    4.880653381347656,
    4.642801284790039,
    4.5334086418151855,
    4.7880635261535645,
    4.790258407592773,
    4.680795192718506,
    4.58720588684082,
    4.953243255615234,
    4.979774475097656,
    5.221692085266113,
    5.015163898468018,
    5.283143997192383,
    4.956778526306152,
    5.085636615753174,
    4.874175548553467,
    4.8860955238342285,
    4.676031112670898,
    5.114304065704346,
    5.103877544403076,
    5.295934677124023,
    4.987306594848633,
    4.954097747802734,
    5.105592250823975,
    5.1667561531066895,
    4.998823165893555,
    5.166846752166748,
    4.978325366973877,
    5.211260795593262
  ]
}