{
  "train_loss": [
    4.7686183191280485,
    3.633550437855365,
    3.489969910803847,
    3.37865101221449,
    3.308242746540883,
    3.278047429073719,
    3.182619641542698,
    3.137804769600774,
    3.135182600762553,
    3.1029593466330074,
    3.0419423048138157,
    3.0025504863703203,
    2.9535814103403517,
    2.9360604768033713,
    2.8872062984847813,
    2.873326447410257,
    2.8003230399186276,
    2.7263059621684,
    2.681120085130404,
    2.656754182031443,
    2.6064270225629698,
    2.5441411332752346,
    2.5214782512892286,
    2.457443047695434,
    2.47856355022818,
    2.423973142409575,
    2.3726235843705314,
    2.3713714812816935,
    2.3536278122304752,
    2.285208604978896,
    2.2728901827355106,
    2.199899920470671,
    2.208751365731659,
    2.15825946113143,
    2.114383189685433,
    2.12357854063112,
    2.101797494191876,
    2.0693352603899187,
    2.0352296349029393,
    2.0391981978234766,
    2.004891625430161,
    1.9869206408516995,
    1.9958440952706509,
    1.9489255870889393,
    1.8958869739535893,
    1.918344101545101,
    1.8872581150142085,
    1.887424575120688,
    1.846538904949422,
    1.8840040208258595,
    1.830614435416042,
    1.8109641602393476,
    1.7846868065165788,
    1.7781819716828229,
    1.791407249797977,
    1.7935370850767107,
    1.8004158966979686,
    1.7743264966449444,
    1.7378855146702188,
    1.7487402529857357,
    1.694253640303883,
    1.6985269668087783,
    1.6900537196672272,
    1.6965455529046019,
    1.6710375460190776,
    1.6621841835027766,
    1.6650440232125783,
    1.61483515872276,
    1.6250279979242401,
    1.5875517528469163,
    1.6253366432652034,
    1.6062977722933909,
    1.5565196570113902,
    1.5590213440124137,
    1.5495890680924758,
    1.5669418279470362,
    1.5785230778976411,
    1.5699611100816122,
    1.5603677100367732,
    1.587252293467061,
    1.5162147522992946,
    1.5340210945977486,
    1.5143279181304787,
    1.4821515526809723,
    1.467447344964542,
    1.464357265347871,
    1.4976439709034104,
    1.4892148934201863,
    1.4713874768480157,
    1.467122373710608,
    1.4596146453749996,
    1.4336125946946725,
    1.439533146819247,
    1.4427384291808951,
    1.4447080299118353,
    1.4304010759461063,
    1.4179980702356763,
    1.4153763342469783,
    1.415046617495691,
    1.428940463154965
  ],
  "val_loss": [
    3.9220263957977295,
    3.7045187950134277,
    3.603311538696289,
    3.5740180015563965,
    3.6083340644836426,
    3.8349974155426025,
    3.503606081008911,
    3.4948408603668213,
    3.418787717819214,
    3.428809404373169,
    3.392265796661377,
    3.4839110374450684,
    3.8943400382995605,
    3.529292106628418,
    3.606581687927246,
    3.5783326625823975,
    3.9947736263275146,
    3.713791608810425,
    3.622837781906128,
    3.650933265686035,
    3.5967860221862793,
    3.9197945594787598,
    3.772317886352539,
    3.9959990978240967,
    3.661101818084717,
    4.0560832023620605,
    4.10129451751709,
    3.8052682876586914,
    4.077230930328369,
    3.956695795059204,
    3.8875389099121094,
    3.981642723083496,
    3.980417013168335,
    3.962843656539917,
    4.108772277832031,
    3.9589521884918213,
    4.068201065063477,
    4.208199977874756,
    4.227964878082275,
    4.167239665985107,
    4.289333343505859,
    4.168053150177002,
    4.177394866943359,
    3.9802823066711426,
    4.258480072021484,
    4.048271656036377,
    4.358630180358887,
    4.18829870223999,
    4.408448696136475,
    4.442931175231934,
    4.2843804359436035,
    4.185043811798096,
    4.598785400390625,
    4.3778862953186035,
    4.528811931610107,
    4.562577247619629,
    4.1860833168029785,
    4.702844142913818,
    4.89418363571167,
    4.280158042907715,
    4.5869317054748535,
    4.664142608642578,
    4.85902214050293,
    4.697526454925537,
    4.669305324554443,
    4.899545669555664,
    4.524310111999512,
    4.598278045654297,
    4.648807048797607,
    4.473418712615967,
    4.670470237731934,
    4.618587493896484,
    4.795234203338623,
    4.480939865112305,
    4.715656757354736,
    4.705748081207275,
    4.961667060852051,
    4.3493804931640625,
    5.207879066467285,
    4.938740253448486,
    4.9136223793029785,
    4.650368690490723,
    4.673680305480957,
    4.793375492095947,
    4.768579483032227,
    4.8651838302612305,
    4.991137504577637,
    5.014350891113281,
    4.737870693206787,
    4.8225226402282715,
    5.097569465637207,
    4.7322998046875,
    4.9682393074035645,
    5.186099529266357,
    4.723606109619141,
    5.126008033752441,
    5.02633810043335,
    4.857561111450195,
    5.044881820678711,
    5.287057876586914
  ]
}