{
  "train_mae": 0.5974538326263428,
  "train_rmse": 0.9198644757270813,
  "train_mape": 0.08937288820743561,
  "val_mae": 1.3965036869049072,
  "val_rmse": 2.3342177867889404,
  "val_mape": 0.20837697386741638,
  "test_mae": 1.1449054479599,
  "test_rmse": 2.0203144550323486,
  "test_mape": 0.17741942405700684
}