{
  "train_mae": 0.5548529028892517,
  "train_rmse": 0.8282617926597595,
  "train_mape": 0.0838707834482193,
  "val_mae": 1.4269746541976929,
  "val_rmse": 2.289977550506592,
  "val_mape": 0.2200855165719986,
  "test_mae": 1.2299516201019287,
  "test_rmse": 2.0875065326690674,
  "test_mape": 0.18653878569602966
}