{
  "train_loss": [
    4.242734827829421,
    3.172682405242204,
    3.067982126769935,
    3.0031990794303467,
    2.884037514275309,
    2.9170908602741394,
    2.85518229856865,
    2.8289687007517528,
    2.800983140509409,
    2.7764478619752966,
    2.727848619732786,
    2.654185920575256,
    2.6338214728135814,
    2.636558274548729,
    2.570138531057694,
    2.5418493912273976,
    2.490278475854622,
    2.521526578511407,
    2.4378446223392203,
    2.3972966680205507,
    2.3322042627666355,
    2.285209471977988,
    2.282349031778543,
    2.2623971722390626,
    2.190335230561398,
    2.154718811639694,
    2.0722680032615304,
    2.0829366419869584,
    2.0678327421928757,
    2.0423189502339016,
    1.9802599929433577,
    1.8911125959446915,
    1.8865091386649702,
    1.8343202443757418,
    1.8266668222280973,
    1.8447010958806906,
    1.8223381757341255,
    1.7648839568117585,
    1.7405137879489074,
    1.7387933453955353,
    1.6400378715392965,
    1.6222484209207064,
    1.598641875236486,
    1.605185060722271,
    1.6003041031082845,
    1.542909327822453,
    1.5473402965009575,
    1.5446214568608376,
    1.5734042956775094,
    1.573202775500217
  ],
  "val_loss": [
    3.673649311065674,
    3.6216344833374023,
    3.5442755222320557,
    3.478639602661133,
    3.4178013801574707,
    3.4153361320495605,
    3.5395219326019287,
    3.454012155532837,
    3.396319627761841,
    3.484097480773926,
    3.4708337783813477,
    3.5651795864105225,
    3.465055227279663,
    3.467479944229126,
    3.623335361480713,
    3.530726909637451,
    3.5683674812316895,
    3.527658700942993,
    3.601867437362671,
    3.5116055011749268,
    3.6209163665771484,
    3.639871835708618,
    3.774360179901123,
    3.7663674354553223,
    3.724154233932495,
    3.7581326961517334,
    3.859755754470825,
    3.7978031635284424,
    3.9230098724365234,
    3.760805368423462,
    3.6430485248565674,
    3.7937021255493164,
    3.9166719913482666,
    3.8226540088653564,
    3.9092776775360107,
    3.961456298828125,
    3.909393787384033,
    3.992161750793457,
    3.9825074672698975,
    4.003998756408691,
    3.937713384628296,
    4.258089542388916,
    4.013828277587891,
    4.01701021194458,
    3.951127290725708,
    4.039434909820557,
    4.216878890991211,
    4.312487602233887,
    4.3774871826171875,
    4.033349990844727
  ]
}