{
  "train_mae": 0.713129460811615,
  "train_rmse": 1.1493422985076904,
  "train_mape": 0.10710042715072632,
  "val_mae": 1.2414575815200806,
  "val_rmse": 2.0362982749938965,
  "val_mape": 0.1862616091966629,
  "test_mae": 1.0853407382965088,
  "test_rmse": 1.9235529899597168,
  "test_mape": 0.16935871541500092
}