{
  "train_loss": [
    5.146694738693659,
    3.9175799923048493,
    3.7160701801763714,
    3.5926051693068026,
    3.4822265055956763,
    3.4163709814377254,
    3.2986100304851216,
    3.2779558848280934,
    3.1614703768524675,
    3.0927984055893196,
    2.990249597960414,
    2.893951040868601,
    2.786032606883602,
    2.6845468803005326,
    2.6477234084303207,
    2.5608363981405016,
    2.4934275361055827,
    2.4561751489481214,
    2.38075213432312,
    2.3028100659175474,
    2.2392253477929045,
    2.1103299266067,
    2.0694327285935206,
    2.073357625165697,
    2.087656076705258,
    2.0158426495546795,
    2.017551297904378,
    1.962864186618868,
    1.920146505345297,
    1.867733120259659,
    1.8017804118151164,
    1.7730177744976066,
    1.764197508142798,
    1.7025524105156324,
    1.7016408650255994,
    1.6919472994725349,
    1.6721742623418734,
    1.6671666688023352,
    1.6071135776477623,
    1.61535448224505,
    1.5749806700490456,
    1.5089237305340846,
    1.5673484850983594,
    1.4879577458892739,
    1.5230875277387503,
    1.5261529942243797,
    1.4538401394259206,
    1.4427092088520197,
    1.4855578840108208,
    1.4576606002301802
  ],
  "val_loss": [
    4.728507995605469,
    5.396081924438477,
    4.585887908935547,
    4.523537635803223,
    4.481673717498779,
    4.518052577972412,
    4.536273002624512,
    4.5215888023376465,
    4.8464460372924805,
    4.498489856719971,
    4.711925506591797,
    4.9247260093688965,
    4.689743995666504,
    4.724422454833984,
    4.988844871520996,
    4.79383659362793,
    4.950466156005859,
    4.655317306518555,
    4.9747490882873535,
    4.965976238250732,
    4.907566070556641,
    4.967985153198242,
    5.051208019256592,
    5.025022506713867,
    5.394062042236328,
    5.16159725189209,
    5.2469305992126465,
    5.323183059692383,
    5.121891975402832,
    5.558424949645996,
    5.007721900939941,
    5.154322147369385,
    5.4712934494018555,
    5.802840232849121,
    5.580212593078613,
    5.557999134063721,
    5.570892810821533,
    5.5484747886657715,
    5.617196559906006,
    5.74714994430542,
    5.906243324279785,
    5.834291458129883,
    5.690101623535156,
    5.907181739807129,
    5.775813579559326,
    5.8138837814331055,
    6.049610614776611,
    6.043718338012695,
    5.939302444458008,
    5.3863396644592285
  ]
}