{
  "train_mae": 0.6809589862823486,
  "train_rmse": 1.0793551206588745,
  "train_mape": 0.10231206566095352,
  "val_mae": 1.4425641298294067,
  "val_rmse": 2.3355767726898193,
  "val_mape": 0.21261848509311676,
  "test_mae": 1.242288589477539,
  "test_rmse": 2.2328670024871826,
  "test_mape": 0.18451328575611115
}