{
  "train_loss": [
    3.5114357676727095,
    2.3739566210879395,
    2.2799916772652935,
    2.2944816635144467,
    2.2388785461716303,
    2.23535076356092,
    2.2244200422274356,
    2.188789589515585,
    2.189561766109719,
    2.170119082690864,
    2.164977250509704,
    2.11638843855321,
    2.095842657894488,
    2.1172275266899967,
    2.089109840377277,
    2.0902407366708413,
    2.0483091445948114,
    2.0441638199698846,
    2.0633368034236477,
    2.0414296301784893,
    2.008760127405457,
    1.987232325092846,
    2.0245142425132903,
    1.979452234230294,
    1.984452671562599,
    1.9800087655616911,
    1.9465890088618196,
    1.8899340665103583,
    1.903999793608457,
    1.9038567448293926,
    1.8915587434705519,
    1.8419525800951269,
    1.8316852296425017,
    1.8120505825573245,
    1.8319496050575712,
    1.7843589956397252,
    1.781063817984221,
    1.7666800022125244,
    1.7352325663661325,
    1.7106813334471342,
    1.696251810386481,
    1.7036838649913966,
    1.632315645549471,
    1.62328231295213,
    1.637970661485432,
    1.6324326613091475,
    1.5673089812922951,
    1.5981516913072953,
    1.5637602490305111,
    1.5493519732494228
  ],
  "val_loss": [
    2.8100955486297607,
    2.5942444801330566,
    2.6308393478393555,
    2.5334768295288086,
    2.5302138328552246,
    2.5244455337524414,
    2.4992239475250244,
    2.4560036659240723,
    2.47225022315979,
    2.4269280433654785,
    2.480916738510132,
    2.606025218963623,
    2.436605930328369,
    2.620358467102051,
    2.6301426887512207,
    2.4344072341918945,
    2.490840435028076,
    2.5225939750671387,
    2.605034589767456,
    2.6812002658843994,
    2.451368808746338,
    2.5224547386169434,
    2.477290153503418,
    2.5381643772125244,
    2.5213654041290283,
    2.598384141921997,
    2.701937198638916,
    2.6813535690307617,
    2.6397645473480225,
    2.7103490829467773,
    2.947035312652588,
    2.6298935413360596,
    2.685112953186035,
    2.7045483589172363,
    2.717867374420166,
    2.9394893646240234,
    2.836500644683838,
    2.862358808517456,
    2.949354887008667,
    2.9533586502075195,
    3.0747711658477783,
    2.8644607067108154,
    2.95097279548645,
    3.0061678886413574,
    3.11482310295105,
    2.801657199859619,
    3.0015244483947754,
    2.9626474380493164,
    3.109598159790039,
    3.2368054389953613
  ]
}