{
  "train_mae": 0.8074096441268921,
  "train_rmse": 1.2656517028808594,
  "train_mape": 0.11449045687913895,
  "val_mae": 1.1428049802780151,
  "val_rmse": 1.834943175315857,
  "val_mape": 0.15279541909694672,
  "test_mae": 0.9826861619949341,
  "test_rmse": 1.6898139715194702,
  "test_mape": 0.1367233544588089
}