{
  "train_loss": [
    3.573620512312432,
    2.225431022214982,
    2.099027864386158,
    1.9884741152974739,
    1.9897777370218082,
    1.9356539151038776,
    1.9501674258837278,
    1.8992402922735339,
    1.9105491186747918,
    1.9135517769349466,
    1.8762962148231004,
    1.8415966653178943,
    1.8320179282714082,
    1.8011264338402533,
    1.8283196104319754,
    1.8226778195965794,
    1.809824372732998,
    1.8044611356089268,
    1.8040289212220812,
    1.8080136336380035,
    1.754082391645709,
    1.7563523150530107,
    1.7268436168920194,
    1.7152202820995055,
    1.7104721435551613,
    1.7194933416170208,
    1.6893252540681034,
    1.7019432748578183,
    1.6629547564456255,
    1.6934208487266669,
    1.6865711711632951,
    1.6394808028174013,
    1.6109664895539122,
    1.6060157220665672,
    1.584799451325238,
    1.6427610744733756,
    1.603966018556726,
    1.5819385500201657,
    1.5843230833376833,
    1.538973294237586,
    1.5210657978531672,
    1.512919979795645,
    1.5154250785852381,
    1.482430575665867,
    1.5046706913651402,
    1.4601647383331626,
    1.4324505102427139,
    1.4532328997729662,
    1.459882118212989,
    1.4013912026934159
  ],
  "val_loss": [
    2.5906643867492676,
    2.342017889022827,
    2.313608169555664,
    2.361630439758301,
    2.6012580394744873,
    2.2673606872558594,
    2.2635324001312256,
    2.229607582092285,
    2.6943154335021973,
    2.2513949871063232,
    2.2218127250671387,
    2.115752935409546,
    2.217561721801758,
    2.4527134895324707,
    2.1707887649536133,
    2.45853590965271,
    2.2451462745666504,
    2.231983184814453,
    2.336209535598755,
    2.2254140377044678,
    2.1660890579223633,
    2.159769058227539,
    2.1562116146087646,
    2.1747560501098633,
    2.1433072090148926,
    2.339604616165161,
    2.1367828845977783,
    2.1857190132141113,
    2.225383996963501,
    2.242410659790039,
    2.350748300552368,
    2.313117742538452,
    2.28139591217041,
    2.266328811645508,
    2.400005340576172,
    2.251757860183716,
    2.2295351028442383,
    2.2719168663024902,
    2.6555356979370117,
    2.427049160003662,
    2.2868456840515137,
    2.2604658603668213,
    2.246492862701416,
    2.5733871459960938,
    2.2929890155792236,
    2.3208701610565186,
    2.6718764305114746,
    2.4236676692962646,
    2.5174407958984375,
    2.357149839401245
  ]
}