{
  "train_mae": 0.6434227824211121,
  "train_rmse": 1.1011885404586792,
  "train_mape": 0.10272442549467087,
  "val_mae": 0.9092196822166443,
  "val_rmse": 1.555795669555664,
  "val_mape": 0.14006856083869934,
  "test_mae": 0.8039621114730835,
  "test_rmse": 1.454454779624939,
  "test_mape": 0.1264164000749588
}