{
  "train_loss": [
    6.2693229111842035,
    4.284228331349916,
    3.586347989954275,
    3.279989733892414,
    3.187284214706885,
    3.0654542295847738,
    3.0438329027211233,
    2.9355597789359416,
    2.9406883234736467,
    2.843088640044795,
    2.7607517690002044,
    2.687807553507262,
    2.675548457558853,
    2.6192542645098724,
    2.588764604659973,
    2.4982063730744524,
    2.4732195876862155,
    2.4204882054095576,
    2.4150753642170013,
    2.329775218183176,
    2.2659315870452197,
    2.2406821695190127,
    2.1765408697199486,
    2.185277224147323,
    2.1489722186569225,
    2.1081442216631125,
    2.0843280517563887,
    1.9844239123592002,
    2.0313720912079076,
    1.9803277718483627,
    1.91084715052471,
    1.854606246796635,
    1.8067892048614012,
    1.78526773171297,
    1.7852405133351523,
    1.7815643614881567,
    1.7496560702246133,
    1.7270293103617003,
    1.7434545629156997,
    1.797504470728694,
    1.6185184264993813,
    1.6040786030149472,
    1.5654092842549754,
    1.5835279338360493,
    1.5460397455617807,
    1.506209789833246,
    1.4921023714499544,
    1.4818027700084595,
    1.4853109946262781,
    1.4689010950225079
  ],
  "val_loss": [
    5.7788777351379395,
    6.801763534545898,
    4.4567389488220215,
    4.4776387214660645,
    3.9914984703063965,
    4.140067100524902,
    4.314437389373779,
    3.8860700130462646,
    4.094717502593994,
    4.864766597747803,
    4.109576225280762,
    4.015635967254639,
    3.8803465366363525,
    4.032088756561279,
    3.9694137573242188,
    4.044764518737793,
    4.080564975738525,
    4.106716156005859,
    4.15762186050415,
    4.238467216491699,
    4.014898777008057,
    3.9406838417053223,
    4.119426250457764,
    4.118824005126953,
    4.149998664855957,
    4.128129959106445,
    4.096557140350342,
    4.080906867980957,
    4.392621994018555,
    4.240418434143066,
    4.3427886962890625,
    4.278772830963135,
    4.3655314445495605,
    4.155902862548828,
    4.566399097442627,
    4.406575679779053,
    4.1048431396484375,
    4.2935638427734375,
    4.444457054138184,
    4.179238796234131,
    4.427737236022949,
    4.383726119995117,
    4.632936000823975,
    4.308472633361816,
    4.27587366104126,
    4.4312334060668945,
    4.581075191497803,
    4.508854389190674,
    4.55098819732666,
    4.48473596572876
  ]
}