{
  "train_mae": 0.6947897672653198,
  "train_rmse": 1.1001801490783691,
  "train_mape": 0.10431285947561264,
  "val_mae": 1.2962641716003418,
  "val_rmse": 2.1393330097198486,
  "val_mape": 0.18726195394992828,
  "test_mae": 1.102280855178833,
  "test_rmse": 1.979016661643982,
  "test_mape": 0.16661661863327026
}