{
  "train_loss": [
    4.964653891400696,
    3.4967838918748053,
    3.393266240448533,
    3.2655610524772083,
    3.1697725916619723,
    3.1129535974421465,
    3.0511155715639062,
    3.033692288701538,
    2.9766552340977763,
    2.9245845946997058,
    2.9175430360517076,
    2.832251227277211,
    2.787598358834402,
    2.7739997389631204,
    2.7464750095140467,
    2.667780644817289,
    2.6201658538531887,
    2.5308299352950248,
    2.5392038659256904,
    2.5046385286066295,
    2.409603961458001,
    2.362870908948613,
    2.350941395871485,
    2.2649572345843176,
    2.2050606212781845,
    2.158272790981221,
    2.1415737867026223,
    2.130756193369808,
    2.1165703762176613,
    2.0409661743405247,
    2.007296845275746,
    1.9652587902736822,
    1.9204797339268247,
    1.943503976625214,
    1.9018782978884625,
    1.841745278836613,
    1.8582466295382911,
    1.785400777808347,
    1.803621590269132,
    1.7988993211190125,
    1.7837291385244098,
    1.7621231187383883,
    1.6943223968781798,
    1.6753526217104124,
    1.672203943882115,
    1.651985616133662,
    1.6670855947583503,
    1.6366306981087257,
    1.6195642540693151,
    1.5926820232945869
  ],
  "val_loss": [
    3.9747400283813477,
    3.8495686054229736,
    3.7569432258605957,
    3.658635139465332,
    3.5138514041900635,
    3.5841310024261475,
    3.5196385383605957,
    3.5700440406799316,
    3.562133550643921,
    3.4672634601593018,
    3.381885051727295,
    3.6451144218444824,
    3.4482035636901855,
    3.4794764518737793,
    3.428327798843384,
    3.5988407135009766,
    3.48528790473938,
    3.6076924800872803,
    3.698964834213257,
    3.5408880710601807,
    3.6560490131378174,
    3.573438882827759,
    3.735792398452759,
    3.6172068119049072,
    3.704526662826538,
    3.810211658477783,
    3.8608357906341553,
    3.6793997287750244,
    4.010786056518555,
    3.9857494831085205,
    3.8023595809936523,
    3.9670321941375732,
    4.226861476898193,
    4.273931980133057,
    4.249551773071289,
    4.262109756469727,
    4.281618118286133,
    4.320952415466309,
    4.258155345916748,
    4.160131454467773,
    4.296337604522705,
    4.173338413238525,
    4.184102535247803,
    4.1833977699279785,
    4.217486381530762,
    4.5575995445251465,
    4.23734712600708,
    4.3862996101379395,
    4.4109721183776855,
    4.371176719665527
  ]
}