{
  "train_mae": 0.6985414624214172,
  "train_rmse": 1.097174048423767,
  "train_mape": 0.10832538455724716,
  "val_mae": 1.277418613433838,
  "val_rmse": 2.1145966053009033,
  "val_mape": 0.2027740180492401,
  "test_mae": 1.1356359720230103,
  "test_rmse": 1.940315842628479,
  "test_mape": 0.17782443761825562
}