{
  "train_loss": [
    2.859130430427091,
    2.1133654333805216,
    2.0497560925730345,
    1.9733642098821442,
    2.0055864567592225,
    1.9891609979292442,
    1.9328628413019509,
    1.9398694602374373,
    1.943091122076429,
    1.9576114429071032,
    1.962770189252393,
    1.9522148407122184,
    1.9488410069408089,
    1.92745771605393,
    1.9574605586199925,
    1.9493845710261115,
    1.9211701295704677,
    1.9405958941476098,
    1.896065176807601,
    1.8810380088460856,
    1.9283601827457033,
    1.9111339313408424,
    1.8841220847080493,
    1.882424149842098,
    1.899630018637098,
    1.8677658227394367,
    1.8459088175050145,
    1.8583562227569776,
    1.8668181436637352,
    1.8700208744303934,
    1.8402973585704276,
    1.8387158580484062,
    1.8755385132082578,
    1.8367771492744314,
    1.8205449170079724,
    1.806472295728223,
    1.8574443158610114,
    1.7710719110636877,
    1.8404133111444012,
    1.8299892679987282,
    1.7885299165495512,
    1.8135196326929948,
    1.789767417661075,
    1.7875892280504622,
    1.8152731449439607,
    1.7769122502310524,
    1.736665181209301,
    1.7426462106663605,
    1.710354701033954,
    1.7515752167742829,
    1.7125575709137424,
    1.7414160928643982,
    1.699947619602598,
    1.6795544693798854,
    1.6758650928530199,
    1.698593137716425,
    1.697447098246936,
    1.6846908454237313,
    1.6947577298509664,
    1.7023491665823707,
    1.7091466073332162,
    1.6824936000232038,
    1.6907646265523186,
    1.638077422421554,
    1.663269082451689,
    1.6233034907127248,
    1.6377079396823357,
    1.6391763277300473,
    1.645282461273259,
    1.6403493229274093,
    1.6520722064478643,
    1.5878520187838323,
    1.6535653425290666,
    1.6106396725259977,
    1.6340277334328355,
    1.5998048513305598,
    1.5928446449082474,
    1.600781500010655,
    1.517086575565667,
    1.5991791783530136,
    1.5289172299977007,
    1.555608058345729,
    1.51673219129957,
    1.5835965866569814,
    1.5235049042208442,
    1.584729245531148,
    1.4864698253828903,
    1.5398446360949811,
    1.5049732485105252,
    1.5029325609577113,
    1.4847848452370742,
    1.5321371259771543,
    1.4831332646978312,
    1.48131657144119,
    1.4796650014046966,
    1.502436231086994,
    1.485749513486336,
    1.4805656199825221,
    1.4715899381144293,
    1.4857149444982922
  ],
  "val_loss": [
    1.9205577373504639,
    1.7688721418380737,
    1.7957643270492554,
    1.8344454765319824,
    1.6211254596710205,
    1.6977827548980713,
    1.8230456113815308,
    1.6433050632476807,
    1.8412567377090454,
    1.6388612985610962,
    1.6621369123458862,
    1.697494626045227,
    1.7363239526748657,
    1.7128244638442993,
    1.655501365661621,
    1.6679482460021973,
    1.6479820013046265,
    1.676906943321228,
    1.7294601202011108,
    1.6584185361862183,
    1.7434892654418945,
    1.6437032222747803,
    1.6360026597976685,
    1.7543431520462036,
    1.6447947025299072,
    1.6846545934677124,
    1.7177228927612305,
    1.6818314790725708,
    1.7048184871673584,
    1.6725425720214844,
    1.8473131656646729,
    1.7688639163970947,
    1.6742323637008667,
    1.6820807456970215,
    1.782482624053955,
    1.6920398473739624,
    1.844124436378479,
    1.8192967176437378,
    2.123661756515503,
    1.8183902502059937,
    2.0138602256774902,
    1.9138749837875366,
    1.9922975301742554,
    1.8501629829406738,
    1.767375111579895,
    2.0871546268463135,
    2.054117441177368,
    1.9853522777557373,
    1.926966905593872,
    1.928714632987976,
    1.908523678779602,
    1.9479182958602905,
    1.9093133211135864,
    1.8496261835098267,
    2.0093767642974854,
    2.0824363231658936,
    2.1754469871520996,
    1.9197920560836792,
    1.886085867881775,
    2.0979466438293457,
    2.547016143798828,
    2.24570894241333,
    2.166135549545288,
    2.83237361907959,
    2.3044495582580566,
    2.17545747756958,
    2.0290186405181885,
    2.301339626312256,
    2.257117748260498,
    2.55247163772583,
    2.553179979324341,
    2.1260528564453125,
    2.3376505374908447,
    2.341280221939087,
    2.3017592430114746,
    2.546189546585083,
    2.5402920246124268,
    2.316241502761841,
    2.380145788192749,
    2.5706446170806885,
    2.7766523361206055,
    2.4294166564941406,
    2.7356884479522705,
    2.5972683429718018,
    2.6105523109436035,
    2.6758878231048584,
    2.805342197418213,
    2.5533502101898193,
    2.3841419219970703,
    2.401167869567871,
    2.494298219680786,
    2.5015475749969482,
    2.8759050369262695,
    3.210460662841797,
    2.877936840057373,
    2.782766342163086,
    2.8619143962860107,
    2.4743430614471436,
    2.5782363414764404,
    2.731865882873535
  ]
}