{
  "train_mae": 0.6680506467819214,
  "train_rmse": 0.997260332107544,
  "train_mape": 0.10572880506515503,
  "val_mae": 0.9904735088348389,
  "val_rmse": 1.6750627756118774,
  "val_mape": 0.14026159048080444,
  "test_mae": 0.841677725315094,
  "test_rmse": 1.468445062637329,
  "test_mape": 0.12890422344207764
}