{
  "train_loss": [
    4.092486610602174,
    3.1939740209932292,
    3.029470163705532,
    2.9699029214207076,
    2.9629517746919563,
    2.8898187189191695,
    2.841477575912981,
    2.8262204827688335,
    2.7797061059436765,
    2.7281345836633086,
    2.7289623766561557,
    2.6608188164161755,
    2.615841690049785,
    2.592796525857779,
    2.5586221470877586,
    2.47984770830661,
    2.472495447924491,
    2.4325547434229144,
    2.3795062360810944,
    2.337480496991609,
    2.2837405235710757,
    2.251082987498342,
    2.1890457605933826,
    2.1234979554475966,
    2.1214449231891854,
    2.073349158715175,
    2.0142150501859972,
    1.9896687500256982,
    1.996431008022441,
    1.9242953478072244,
    1.8543246868629604,
    1.8491949758629718,
    1.864491091322201,
    1.8179927541036622,
    1.7502464800497104,
    1.7178804280677598,
    1.71469576539156,
    1.6743940399997739,
    1.7080068789023448,
    1.6904214496180736,
    1.6042813690639477,
    1.5626098368458825,
    1.531465111550279,
    1.531647056982966,
    1.5615095977688416,
    1.5237167544420223,
    1.4836005594505255,
    1.5476457155718453,
    1.452996450126138,
    1.4282415988101675
  ],
  "val_loss": [
    3.982386350631714,
    3.6894547939300537,
    3.567549705505371,
    3.7178924083709717,
    3.468494176864624,
    3.5311336517333984,
    3.505143642425537,
    3.5092480182647705,
    3.389793634414673,
    3.510477066040039,
    3.3975303173065186,
    3.459040641784668,
    3.468937873840332,
    3.9058287143707275,
    3.4585065841674805,
    3.58720064163208,
    3.4931647777557373,
    4.16763162612915,
    3.7417943477630615,
    3.86786150932312,
    3.49220609664917,
    3.8477847576141357,
    3.6221635341644287,
    3.6558797359466553,
    3.691553831100464,
    3.7256581783294678,
    3.849679946899414,
    3.674018144607544,
    3.7367899417877197,
    3.859255790710449,
    4.205534934997559,
    4.040056228637695,
    3.863647937774658,
    3.941281795501709,
    4.217533111572266,
    3.9542737007141113,
    4.013271331787109,
    3.927347183227539,
    4.114058017730713,
    4.086427211761475,
    4.435480117797852,
    4.375171661376953,
    4.226181507110596,
    4.198742389678955,
    4.2483344078063965,
    4.262890338897705,
    4.380838871002197,
    4.385591506958008,
    4.539806365966797,
    4.24776029586792
  ]
}