{
  "train_mae": 0.6740351319313049,
  "train_rmse": 1.090712070465088,
  "train_mape": 0.10215865820646286,
  "val_mae": 1.258428692817688,
  "val_rmse": 2.0893540382385254,
  "val_mape": 0.1892801970243454,
  "test_mae": 1.067906141281128,
  "test_rmse": 1.9203912019729614,
  "test_mape": 0.16161110997200012
}