{
  "train_loss": [
    3.1317779634409937,
    1.5897118621036923,
    1.568132671750825,
    1.5661398399698323,
    1.5345344859156116,
    1.531354817620639,
    1.5370680906361547,
    1.535432029724121,
    1.5245767489466173,
    1.5295408502776047,
    1.5315432727419096,
    1.5047423035194134,
    1.5109568606409534,
    1.5214338093461661,
    1.5326521997122928,
    1.5253207105274857,
    1.4982282491223566,
    1.5196042285787648,
    1.517229602024473,
    1.5122711389475856,
    1.5107356993576575,
    1.4875895172645306,
    1.509338378182773,
    1.4767628074514454,
    1.475048846146156,
    1.4890760019894305,
    1.482420366747626,
    1.4839998258393385,
    1.4807517926446323,
    1.4892687225341796,
    1.4858456094676051,
    1.5140844058332772,
    1.5026942412277748,
    1.482877496587819,
    1.4773497545965786,
    1.4971447288250102,
    1.484055909847391,
    1.4674881956166235,
    1.470775145037421,
    1.454997521236025,
    1.4401582139113853,
    1.454864314638335,
    1.4501778384241564,
    1.44743163141711,
    1.4401893391444764,
    1.4508153923955458,
    1.4440848011148386,
    1.4479338620942215,
    1.4238193653369773,
    1.4128264669221022
  ],
  "val_loss": [
    1.7409353256225586,
    1.671881079673767,
    2.265957832336426,
    1.6336753368377686,
    1.6718204021453857,
    1.7375822067260742,
    1.6675469875335693,
    1.655983328819275,
    1.7781600952148438,
    1.6398060321807861,
    1.7226766347885132,
    1.7493269443511963,
    1.7500745058059692,
    1.8216116428375244,
    1.671796202659607,
    1.6830554008483887,
    1.6665459871292114,
    1.730733036994934,
    2.1297309398651123,
    1.7094850540161133,
    1.6702932119369507,
    1.6158227920532227,
    1.646335482597351,
    1.616296648979187,
    1.7451231479644775,
    1.7087334394454956,
    1.7542625665664673,
    1.7475486993789673,
    1.6659619808197021,
    1.7001307010650635,
    1.893097996711731,
    1.6965843439102173,
    1.8966636657714844,
    1.647377848625183,
    1.7188886404037476,
    1.7640877962112427,
    1.8310054540634155,
    1.7402293682098389,
    1.85752272605896,
    1.7138861417770386,
    1.766196846961975,
    1.791904330253601,
    1.8132860660552979,
    1.9014582633972168,
    1.989811658859253,
    1.7147077322006226,
    1.6995106935501099,
    1.748708963394165,
    1.673317790031433,
    1.6490130424499512
  ]
}