{
  "train_mae": 0.5944046378135681,
  "train_rmse": 1.1411501169204712,
  "train_mape": 0.09473191201686859,
  "val_mae": 0.7155886888504028,
  "val_rmse": 1.3045183420181274,
  "val_mape": 0.10682722926139832,
  "test_mae": 0.6482267379760742,
  "test_rmse": 1.2427921295166016,
  "test_mape": 0.10137201100587845
}