{
  "train_loss": [
    4.492905803670678,
    3.645747919723778,
    3.486533661858934,
    3.3443651554467335,
    3.265603109231514,
    3.2246527161669296,
    3.2095045854477906,
    3.1492741289618,
    3.1250849981323783,
    3.0323769682221227,
    3.0431700420603445,
    2.996662890101453,
    2.925567812283746,
    2.8848388478414977,
    2.8860118621821433,
    2.824119632675923,
    2.809016061645394,
    2.683323007815454,
    2.708173143376572,
    2.6390954773114044,
    2.595006473086803,
    2.527632871462718,
    2.5323532167750127,
    2.4602015830415973,
    2.4620169289924374,
    2.36490779657643,
    2.3528734672010305,
    2.3338736592900484,
    2.273536930882029,
    2.2450005882093094,
    2.2143952029308256,
    2.1898132253917524,
    2.148918797369493,
    2.1547296318739306,
    2.138568930142759,
    2.134854953816291,
    2.0637065870270814,
    2.101271651286173,
    2.0563444467719125,
    2.0401129033570786,
    2.0284104715191416,
    1.998839156032596,
    1.924721128732575,
    1.9274092039010065,
    1.9107366906615795,
    1.8876865182970848,
    1.9053547994199211,
    1.879680992966525,
    1.8523685324922705,
    1.82689603476943
  ],
  "val_loss": [
    3.841113805770874,
    3.890756607055664,
    3.595668077468872,
    3.5945303440093994,
    3.715862512588501,
    3.490485429763794,
    3.512766122817993,
    3.633669376373291,
    3.6262381076812744,
    3.4601473808288574,
    3.5009655952453613,
    3.8836238384246826,
    3.4124033451080322,
    3.5784645080566406,
    3.5085179805755615,
    3.5367956161499023,
    3.5232138633728027,
    3.5687081813812256,
    3.573523759841919,
    3.736098289489746,
    3.7934579849243164,
    3.738307476043701,
    4.053341388702393,
    3.634387493133545,
    3.865234375,
    3.6985363960266113,
    3.828165292739868,
    3.8654963970184326,
    4.044212818145752,
    3.6759450435638428,
    4.284142017364502,
    3.9468345642089844,
    3.993551015853882,
    4.446420669555664,
    3.9799389839172363,
    4.149489402770996,
    3.9337072372436523,
    3.9935824871063232,
    4.253193378448486,
    4.145057201385498,
    4.162388801574707,
    4.12560510635376,
    4.138858795166016,
    4.095567226409912,
    4.403897762298584,
    4.423421382904053,
    4.265601634979248,
    4.506344318389893,
    4.332432746887207,
    4.530160903930664
  ]
}