{
  "train_mae": 0.7100916504859924,
  "train_rmse": 1.137164831161499,
  "train_mape": 0.10454130917787552,
  "val_mae": 1.306948184967041,
  "val_rmse": 2.1554787158966064,
  "val_mape": 0.1905335634946823,
  "test_mae": 1.0962333679199219,
  "test_rmse": 1.9381190538406372,
  "test_mape": 0.15881992876529694
}