{
  "train_loss": [
    6.193331619048895,
    3.389325950239193,
    3.2650309945258695,
    3.186975299686704,
    3.126790604757249,
    3.07852033657767,
    3.011950212443882,
    2.974455036951125,
    2.915372208822241,
    2.8733189403517083,
    2.833730065315748,
    2.7650945540754126,
    2.726181362821936,
    2.6952216203932866,
    2.6700103754894564,
    2.6298840773954764,
    2.5570225622165537,
    2.536678921379877,
    2.51410117128289,
    2.439980280458565,
    2.3904532914922623,
    2.3635856716886927,
    2.3275728025599647,
    2.270274800006228,
    2.2367597080475057,
    2.21396671613233,
    2.1590807053478036,
    2.1246303583889756,
    2.091158718249207,
    2.0604765897031516,
    2.006915482021313,
    1.9968160147959195,
    1.9755684974639867,
    1.9331306369840473,
    1.8935461901354567,
    1.833444723695895,
    1.8185981375811706,
    1.79506167530816,
    1.7960349261464499,
    1.7153421717411508,
    1.714660628996522,
    1.6462809601783226,
    1.6457847344947742,
    1.6615644800011327,
    1.5984461880862417,
    1.5497602533728032,
    1.5684369335774886,
    1.5281867318098088,
    1.555395980028735,
    1.5121429597126852
  ],
  "val_loss": [
    5.7835612297058105,
    3.9954636096954346,
    3.898841142654419,
    3.847527027130127,
    3.8818840980529785,
    3.805851459503174,
    3.760201930999756,
    3.7483317852020264,
    3.7083733081817627,
    3.6899096965789795,
    3.6925511360168457,
    3.674029588699341,
    3.7244300842285156,
    3.685519218444824,
    3.6580193042755127,
    3.727935552597046,
    3.7718095779418945,
    3.780217409133911,
    3.736786365509033,
    3.728318691253662,
    3.7556560039520264,
    3.902977705001831,
    3.7520647048950195,
    3.771110773086548,
    3.84739351272583,
    3.856645345687866,
    3.8951046466827393,
    3.9674839973449707,
    4.048879623413086,
    3.9075658321380615,
    4.0218682289123535,
    3.981330633163452,
    4.088096618652344,
    4.035439491271973,
    4.104700565338135,
    4.1495513916015625,
    4.188441753387451,
    4.268867015838623,
    4.1754302978515625,
    4.241318225860596,
    4.407094955444336,
    4.2987847328186035,
    4.408279895782471,
    4.351809978485107,
    4.561023235321045,
    4.45742130279541,
    4.4435930252075195,
    4.660820484161377,
    4.633805751800537,
    4.615042209625244
  ]
}