{
  "train_mae": 0.7387972474098206,
  "train_rmse": 1.1491146087646484,
  "train_mape": 0.11227993667125702,
  "val_mae": 1.3735295534133911,
  "val_rmse": 2.175779342651367,
  "val_mape": 0.20160891115665436,
  "test_mae": 1.2642470598220825,
  "test_rmse": 2.0959064960479736,
  "test_mape": 0.18631397187709808
}